title,price,weight,article_link,img_url,description,scraped_date,date_published,date_expires,extra_details
Bauerngut Frische grobe Bratwurst,6.99,1kg Packung,placeholder,https://offer-images.api.edeka/c5b3312c-52fd-4736-ad68-e08615b954e0_20051_bauerngut_xxl_frische_grobe_bratwurst.png,"['fein gewürzt, ideal zum Grillen oder Braten, SB-verpackt, 1kg Packung']",2023-04-20,2023-04-22,2023-04-17,"*Nicht in allen Filialen erhältlich. Alle weiteren Informationen der Firma und Anschrift Ihres teilnehmenden EDEKA-Marktes finden Sie unter www.edeka.de/marktsuche oder unter der Telefonnummer 0800 724 28 55 (kostenfrei aus dem dt. Fest- und Mobilfunknetz). Alle Angebote gültig bis Samstag, 22.04.2023, KW 16. Wir haben uns für diesen Zeitraum ausreichend bevorratet. Bitte entschuldigen Sie, wenn die Artikel auf Grund der großen Nachfrage dennoch im Einzelfall ausverkauft sein sollten. Abgabe in haushaltsüblichen Mengen. Für Darstellungsfehler übernehmen wir keine Haftung. EDEKA-Markt Minden-Hannover GmbH, Wittelsbacherallee 61, 32427 Minden."
Frosta Fertiggerichte,2.49,450/500g Beutel,placeholder,https://offer-images.api.edeka/c096489a-e677-4de8-b406-7466b6fd5915_4008366008582_VOR.png,"['versch. Sorten, 450/500g Beutel, (1kg=5,53/4,98)']",2023-04-20,2023-04-22,2023-04-17,"*Nicht in allen Filialen erhältlich. Alle weiteren Informationen der Firma und Anschrift Ihres teilnehmenden EDEKA-Marktes finden Sie unter www.edeka.de/marktsuche oder unter der Telefonnummer 0800 724 28 55 (kostenfrei aus dem dt. Fest- und Mobilfunknetz). Alle Angebote gültig bis Samstag, 22.04.2023, KW 16. Wir haben uns für diesen Zeitraum ausreichend bevorratet. Bitte entschuldigen Sie, wenn die Artikel auf Grund der großen Nachfrage dennoch im Einzelfall ausverkauft sein sollten. Abgabe in haushaltsüblichen Mengen. Für Darstellungsfehler übernehmen wir keine Haftung. EDEKA-Markt Minden-Hannover GmbH, Wittelsbacherallee 61, 32427 Minden."
Italien Kiwi,0.22,Stück,placeholder,https://offer-images.api.edeka/813d34a7-808e-40f9-af29-0b2031e5ae62_gg_kiwis_6_fruechte_lose_aufgeschnitten.png,"['Kl. I, unverpackt, Stück']",2023-04-20,2023-04-22,2023-04-17,"*Nicht in allen Filialen erhältlich. Alle weiteren Informationen der Firma und Anschrift Ihres teilnehmenden EDEKA-Marktes finden Sie unter www.edeka.de/marktsuche oder unter der Telefonnummer 0800 724 28 55 (kostenfrei aus dem dt. Fest- und Mobilfunknetz). Alle Angebote gültig bis Samstag, 22.04.2023, KW 16. Wir haben uns für diesen Zeitraum ausreichend bevorratet. Bitte entschuldigen Sie, wenn die Artikel auf Grund der großen Nachfrage dennoch im Einzelfall ausverkauft sein sollten. Abgabe in haushaltsüblichen Mengen. Für Darstellungsfehler übernehmen wir keine Haftung. EDEKA-Markt Minden-Hannover GmbH, Wittelsbacherallee 61, 32427 Minden."
Jules Mumm Sekt,3.33,"0,75l Flasche",placeholder,https://offer-images.api.edeka/06150ed4-84fc-47de-98aa-8cbe81bfc8c1_4011900535109_VOR.png,"['versch. Sorten, 0,75l Flasche, (1l=4,44)']",2023-04-20,2023-04-22,2023-04-17,"*Nicht in allen Filialen erhältlich. Alle weiteren Informationen der Firma und Anschrift Ihres teilnehmenden EDEKA-Marktes finden Sie unter www.edeka.de/marktsuche oder unter der Telefonnummer 0800 724 28 55 (kostenfrei aus dem dt. Fest- und Mobilfunknetz). Alle Angebote gültig bis Samstag, 22.04.2023, KW 16. Wir haben uns für diesen Zeitraum ausreichend bevorratet. Bitte entschuldigen Sie, wenn die Artikel auf Grund der großen Nachfrage dennoch im Einzelfall ausverkauft sein sollten. Abgabe in haushaltsüblichen Mengen. Für Darstellungsfehler übernehmen wir keine Haftung. EDEKA-Markt Minden-Hannover GmbH, Wittelsbacherallee 61, 32427 Minden."
"Saint Albray, Rambol oder Fol Epi",1.49,100/150g Packung,placeholder,https://offer-images.api.edeka/ece00219-57ab-4ecd-9b3e-759543721bd3_3090291386041_VOR.png,"['franz. Schnittkäse in Scheiben, versch. Sorten und Fettstufen, 100/150g Packung, (1kg=14,90/9,93)']",2023-04-20,2023-04-22,2023-04-17,"*Nicht in allen Filialen erhältlich. Alle weiteren Informationen der Firma und Anschrift Ihres teilnehmenden EDEKA-Marktes finden Sie unter www.edeka.de/marktsuche oder unter der Telefonnummer 0800 724 28 55 (kostenfrei aus dem dt. Fest- und Mobilfunknetz). Alle Angebote gültig bis Samstag, 22.04.2023, KW 16. Wir haben uns für diesen Zeitraum ausreichend bevorratet. Bitte entschuldigen Sie, wenn die Artikel auf Grund der großen Nachfrage dennoch im Einzelfall ausverkauft sein sollten. Abgabe in haushaltsüblichen Mengen. Für Darstellungsfehler übernehmen wir keine Haftung. EDEKA-Markt Minden-Hannover GmbH, Wittelsbacherallee 61, 32427 Minden."
Albi Fruchtsäfte und Nektare,1.19,1l PET-DPG-Flasche,placeholder,https://offer-images.api.edeka/ed85c2e6-e8b8-46ba-a08d-2ba794f01590_42001867_PER.png,"['versch. Sorten, + 0,25 Pfand, 1l PET-DPG-Flasche']",2023-04-20,2023-04-22,2023-04-17,"*Nicht in allen Filialen erhältlich. Alle weiteren Informationen der Firma und Anschrift Ihres teilnehmenden EDEKA-Marktes finden Sie unter www.edeka.de/marktsuche oder unter der Telefonnummer 0800 724 28 55 (kostenfrei aus dem dt. Fest- und Mobilfunknetz). Alle Angebote gültig bis Samstag, 22.04.2023, KW 16. Wir haben uns für diesen Zeitraum ausreichend bevorratet. Bitte entschuldigen Sie, wenn die Artikel auf Grund der großen Nachfrage dennoch im Einzelfall ausverkauft sein sollten. Abgabe in haushaltsüblichen Mengen. Für Darstellungsfehler übernehmen wir keine Haftung. EDEKA-Markt Minden-Hannover GmbH, Wittelsbacherallee 61, 32427 Minden."
Bonne Maman,1.99,370g Glas,placeholder,https://offer-images.api.edeka/f1c2b3df-1f4c-40cc-b8a0-25549e9bec9b_3045320090048_PER.png,"['Konfitüre, Marmelade oder Gelee, versch. Sorten, 370g Glas, (1kg=5,38)']",2023-04-20,2023-04-22,2023-04-17,"*Nicht in allen Filialen erhältlich. Alle weiteren Informationen der Firma und Anschrift Ihres teilnehmenden EDEKA-Marktes finden Sie unter www.edeka.de/marktsuche oder unter der Telefonnummer 0800 724 28 55 (kostenfrei aus dem dt. Fest- und Mobilfunknetz). Alle Angebote gültig bis Samstag, 22.04.2023, KW 16. Wir haben uns für diesen Zeitraum ausreichend bevorratet. Bitte entschuldigen Sie, wenn die Artikel auf Grund der großen Nachfrage dennoch im Einzelfall ausverkauft sein sollten. Abgabe in haushaltsüblichen Mengen. Für Darstellungsfehler übernehmen wir keine Haftung. EDEKA-Markt Minden-Hannover GmbH, Wittelsbacherallee 61, 32427 Minden."
Italien Doppio Rosso,3.99,"0,75l Flasche",placeholder,https://offer-images.api.edeka/d4968b71-fadc-439c-85d2-c65fdb27a129_8015393112805_VOR.png,"['Primitivo, Merlot, intensiv, fruchtig, 0,75l Flasche, (1l=5,32)']",2023-04-20,2023-04-22,2023-04-17,"*Nicht in allen Filialen erhältlich. Alle weiteren Informationen der Firma und Anschrift Ihres teilnehmenden EDEKA-Marktes finden Sie unter www.edeka.de/marktsuche oder unter der Telefonnummer 0800 724 28 55 (kostenfrei aus dem dt. Fest- und Mobilfunknetz). Alle Angebote gültig bis Samstag, 22.04.2023, KW 16. Wir haben uns für diesen Zeitraum ausreichend bevorratet. Bitte entschuldigen Sie, wenn die Artikel auf Grund der großen Nachfrage dennoch im Einzelfall ausverkauft sein sollten. Abgabe in haushaltsüblichen Mengen. Für Darstellungsfehler übernehmen wir keine Haftung. EDEKA-Markt Minden-Hannover GmbH, Wittelsbacherallee 61, 32427 Minden."
Jive,1.99,"0,75l Flasche",placeholder,https://offer-images.api.edeka/b95997b4-4ef3-4b21-827a-330b99ba2a38_4002391330700_VOR.png,"['versch. Sorten, 0,75l Flasche, (1l=2,65)']",2023-04-20,2023-04-22,2023-04-17,"*Nicht in allen Filialen erhältlich. Alle weiteren Informationen der Firma und Anschrift Ihres teilnehmenden EDEKA-Marktes finden Sie unter www.edeka.de/marktsuche oder unter der Telefonnummer 0800 724 28 55 (kostenfrei aus dem dt. Fest- und Mobilfunknetz). Alle Angebote gültig bis Samstag, 22.04.2023, KW 16. Wir haben uns für diesen Zeitraum ausreichend bevorratet. Bitte entschuldigen Sie, wenn die Artikel auf Grund der großen Nachfrage dennoch im Einzelfall ausverkauft sein sollten. Abgabe in haushaltsüblichen Mengen. Für Darstellungsfehler übernehmen wir keine Haftung. EDEKA-Markt Minden-Hannover GmbH, Wittelsbacherallee 61, 32427 Minden."
Knorr Fix-Produkte oder Natürlich Lecker! Würzbasis,0.44,Beutel,placeholder,https://offer-images.api.edeka/2faece7e-7b84-4500-bac6-8b6d8ed07f99_8717163935163_VOR.png,"['versch. Sorten, Beutel']",2023-04-20,2023-04-22,2023-04-17,"*Nicht in allen Filialen erhältlich. Alle weiteren Informationen der Firma und Anschrift Ihres teilnehmenden EDEKA-Marktes finden Sie unter www.edeka.de/marktsuche oder unter der Telefonnummer 0800 724 28 55 (kostenfrei aus dem dt. Fest- und Mobilfunknetz). Alle Angebote gültig bis Samstag, 22.04.2023, KW 16. Wir haben uns für diesen Zeitraum ausreichend bevorratet. Bitte entschuldigen Sie, wenn die Artikel auf Grund der großen Nachfrage dennoch im Einzelfall ausverkauft sein sollten. Abgabe in haushaltsüblichen Mengen. Für Darstellungsfehler übernehmen wir keine Haftung. EDEKA-Markt Minden-Hannover GmbH, Wittelsbacherallee 61, 32427 Minden."
Lätta,1.19,450g Becher,placeholder,https://offer-images.api.edeka/07efe3f3-9adc-4687-9ad8-3d1b46be376d_8719200237025_PER.png,"['versch. Sorten, 450g Becher, (1kg=2,64)']",2023-04-20,2023-04-22,2023-04-17,"*Nicht in allen Filialen erhältlich. Alle weiteren Informationen der Firma und Anschrift Ihres teilnehmenden EDEKA-Marktes finden Sie unter www.edeka.de/marktsuche oder unter der Telefonnummer 0800 724 28 55 (kostenfrei aus dem dt. Fest- und Mobilfunknetz). Alle Angebote gültig bis Samstag, 22.04.2023, KW 16. Wir haben uns für diesen Zeitraum ausreichend bevorratet. Bitte entschuldigen Sie, wenn die Artikel auf Grund der großen Nachfrage dennoch im Einzelfall ausverkauft sein sollten. Abgabe in haushaltsüblichen Mengen. Für Darstellungsfehler übernehmen wir keine Haftung. EDEKA-Markt Minden-Hannover GmbH, Wittelsbacherallee 61, 32427 Minden."
Melitta Filterkaffee,3.99,500g Packung,placeholder,https://offer-images.api.edeka/8fd6fbb5-49ea-4b74-9457-70ae412d6e27_4002720002261_VOR.png,"['gemahlener Röstkaffee, versch. Sorten, 500g Packung, (1kg=7,98)']",2023-04-20,2023-04-22,2023-04-17,"*Nicht in allen Filialen erhältlich. Alle weiteren Informationen der Firma und Anschrift Ihres teilnehmenden EDEKA-Marktes finden Sie unter www.edeka.de/marktsuche oder unter der Telefonnummer 0800 724 28 55 (kostenfrei aus dem dt. Fest- und Mobilfunknetz). Alle Angebote gültig bis Samstag, 22.04.2023, KW 16. Wir haben uns für diesen Zeitraum ausreichend bevorratet. Bitte entschuldigen Sie, wenn die Artikel auf Grund der großen Nachfrage dennoch im Einzelfall ausverkauft sein sollten. Abgabe in haushaltsüblichen Mengen. Für Darstellungsfehler übernehmen wir keine Haftung. EDEKA-Markt Minden-Hannover GmbH, Wittelsbacherallee 61, 32427 Minden."
Milka Schokolade,0.79,85/100g Tafel,placeholder,https://offer-images.api.edeka/bcf4a66b-0dea-49b2-bd8f-ccda86869111_3045140105502_VOR.png,"['versch. Sorten, 85/100g Tafel, (1kg=9,08/7,90)']",2023-04-20,2023-04-22,2023-04-17,"*Nicht in allen Filialen erhältlich. Alle weiteren Informationen der Firma und Anschrift Ihres teilnehmenden EDEKA-Marktes finden Sie unter www.edeka.de/marktsuche oder unter der Telefonnummer 0800 724 28 55 (kostenfrei aus dem dt. Fest- und Mobilfunknetz). Alle Angebote gültig bis Samstag, 22.04.2023, KW 16. Wir haben uns für diesen Zeitraum ausreichend bevorratet. Bitte entschuldigen Sie, wenn die Artikel auf Grund der großen Nachfrage dennoch im Einzelfall ausverkauft sein sollten. Abgabe in haushaltsüblichen Mengen. Für Darstellungsfehler übernehmen wir keine Haftung. EDEKA-Markt Minden-Hannover GmbH, Wittelsbacherallee 61, 32427 Minden."
"Original Wagner Big Pizza, Die Backfrische, Piccolinis oder Bella Pinsa",1.99,Packung,placeholder,https://offer-images.api.edeka/f30d642f-59d9-48b9-820d-7b2156c489f9_4009233006809_PER.png,"['versch. Sorten, z.B.: Big City-Pizza Sydney 425g, Die Backfrische Salami 320g, Piccolinis Salami 270g, Bella Pinsa Salame Piccante 300g, Packung, (1kg=4,68/6,22/7,37/6,63)']",2023-04-20,2023-04-22,2023-04-17,"*Nicht in allen Filialen erhältlich. Alle weiteren Informationen der Firma und Anschrift Ihres teilnehmenden EDEKA-Marktes finden Sie unter www.edeka.de/marktsuche oder unter der Telefonnummer 0800 724 28 55 (kostenfrei aus dem dt. Fest- und Mobilfunknetz). Alle Angebote gültig bis Samstag, 22.04.2023, KW 16. Wir haben uns für diesen Zeitraum ausreichend bevorratet. Bitte entschuldigen Sie, wenn die Artikel auf Grund der großen Nachfrage dennoch im Einzelfall ausverkauft sein sollten. Abgabe in haushaltsüblichen Mengen. Für Darstellungsfehler übernehmen wir keine Haftung. EDEKA-Markt Minden-Hannover GmbH, Wittelsbacherallee 61, 32427 Minden."
9 Mile,8.99,"0,7l Flasche",placeholder,https://offer-images.api.edeka/6b4bd518-a7f7-4261-b707-9e72a815c709_4025127090976_VOR.png,"['Vodka, 37,5% Vol., 0,7l Flasche, (1l=12,84)']",2023-04-20,2023-04-22,2023-04-17,"*Nicht in allen Filialen erhältlich. Alle weiteren Informationen der Firma und Anschrift Ihres teilnehmenden EDEKA-Marktes finden Sie unter www.edeka.de/marktsuche oder unter der Telefonnummer 0800 724 28 55 (kostenfrei aus dem dt. Fest- und Mobilfunknetz). Alle Angebote gültig bis Samstag, 22.04.2023, KW 16. Wir haben uns für diesen Zeitraum ausreichend bevorratet. Bitte entschuldigen Sie, wenn die Artikel auf Grund der großen Nachfrage dennoch im Einzelfall ausverkauft sein sollten. Abgabe in haushaltsüblichen Mengen. Für Darstellungsfehler übernehmen wir keine Haftung. EDEKA-Markt Minden-Hannover GmbH, Wittelsbacherallee 61, 32427 Minden."
Ahoj-Brause Überraschungs-Mix,2.29,12x38ml = 456ml Packung,placeholder,https://offer-images.api.edeka/af53536d-1bec-46f9-afe3-9ad6b676ad36_4081800118986_PER.png,"['Eis mit Waldmeister-, Himbeer-, Orangen- oder Zitronengeschmack, 12x38ml = 456ml Packung, (1l=5,02)']",2023-04-20,2023-04-22,2023-04-17,"*Nicht in allen Filialen erhältlich. Alle weiteren Informationen der Firma und Anschrift Ihres teilnehmenden EDEKA-Marktes finden Sie unter www.edeka.de/marktsuche oder unter der Telefonnummer 0800 724 28 55 (kostenfrei aus dem dt. Fest- und Mobilfunknetz). Alle Angebote gültig bis Samstag, 22.04.2023, KW 16. Wir haben uns für diesen Zeitraum ausreichend bevorratet. Bitte entschuldigen Sie, wenn die Artikel auf Grund der großen Nachfrage dennoch im Einzelfall ausverkauft sein sollten. Abgabe in haushaltsüblichen Mengen. Für Darstellungsfehler übernehmen wir keine Haftung. EDEKA-Markt Minden-Hannover GmbH, Wittelsbacherallee 61, 32427 Minden."
Alnatura Bio-Leinöl,1.79,250ml Flasche,placeholder,https://offer-images.api.edeka/c972fe9b-7c9f-4f42-9f8e-0588b221aeee_4104420025929.png,"['nussiges, leicht bitteres Aroma, passt gut zu Quark, Kartoffeln, Gemüse und Salaten, 250ml Flasche, (1l=7,16)']",2023-04-20,2023-04-22,2023-04-17,"*Nicht in allen Filialen erhältlich. Alle weiteren Informationen der Firma und Anschrift Ihres teilnehmenden EDEKA-Marktes finden Sie unter www.edeka.de/marktsuche oder unter der Telefonnummer 0800 724 28 55 (kostenfrei aus dem dt. Fest- und Mobilfunknetz). Alle Angebote gültig bis Samstag, 22.04.2023, KW 16. Wir haben uns für diesen Zeitraum ausreichend bevorratet. Bitte entschuldigen Sie, wenn die Artikel auf Grund der großen Nachfrage dennoch im Einzelfall ausverkauft sein sollten. Abgabe in haushaltsüblichen Mengen. Für Darstellungsfehler übernehmen wir keine Haftung. EDEKA-Markt Minden-Hannover GmbH, Wittelsbacherallee 61, 32427 Minden."
Bahlsen ABC Russisch Brot,0.99,100g Beutel,placeholder,https://offer-images.api.edeka/4f52fbae-5e20-4276-a0e3-a1a0d58fd0c6_4017100131004_VOR.png,"['Keks-Buchstaben, 100g Beutel, (1kg=9,90)']",2023-04-20,2023-04-22,2023-04-17,"*Nicht in allen Filialen erhältlich. Alle weiteren Informationen der Firma und Anschrift Ihres teilnehmenden EDEKA-Marktes finden Sie unter www.edeka.de/marktsuche oder unter der Telefonnummer 0800 724 28 55 (kostenfrei aus dem dt. Fest- und Mobilfunknetz). Alle Angebote gültig bis Samstag, 22.04.2023, KW 16. Wir haben uns für diesen Zeitraum ausreichend bevorratet. Bitte entschuldigen Sie, wenn die Artikel auf Grund der großen Nachfrage dennoch im Einzelfall ausverkauft sein sollten. Abgabe in haushaltsüblichen Mengen. Für Darstellungsfehler übernehmen wir keine Haftung. EDEKA-Markt Minden-Hannover GmbH, Wittelsbacherallee 61, 32427 Minden."
Beck's Pilsener,10.49,"24x0,33l/20x0,5l Flasche",placeholder,https://offer-images.api.edeka/bac47071-e142-48cf-b882-f03d2221b8b1_4100130000133_PER.png,"['versch. Sorten, + 3,42/3,10 Pfand, je nach Verfügbarkeit im Markt, 24x0,33l/20x0,5l Flasche, (1l=1,32/1,05)']",2023-04-20,2023-04-22,2023-04-17,"*Nicht in allen Filialen erhältlich. Alle weiteren Informationen der Firma und Anschrift Ihres teilnehmenden EDEKA-Marktes finden Sie unter www.edeka.de/marktsuche oder unter der Telefonnummer 0800 724 28 55 (kostenfrei aus dem dt. Fest- und Mobilfunknetz). Alle Angebote gültig bis Samstag, 22.04.2023, KW 16. Wir haben uns für diesen Zeitraum ausreichend bevorratet. Bitte entschuldigen Sie, wenn die Artikel auf Grund der großen Nachfrage dennoch im Einzelfall ausverkauft sein sollten. Abgabe in haushaltsüblichen Mengen. Für Darstellungsfehler übernehmen wir keine Haftung. EDEKA-Markt Minden-Hannover GmbH, Wittelsbacherallee 61, 32427 Minden."
Beemster Old,1.69,100g,placeholder,https://offer-images.api.edeka/eba31780-0329-4b81-ae1c-cf26ee1e9440_60581.png,"['holl. Schnittkäse, 48% Fett i. Tr., 100g, (1kg=16,90)']",2023-04-20,2023-04-22,2023-04-17,"*Nicht in allen Filialen erhältlich. Alle weiteren Informationen der Firma und Anschrift Ihres teilnehmenden EDEKA-Marktes finden Sie unter www.edeka.de/marktsuche oder unter der Telefonnummer 0800 724 28 55 (kostenfrei aus dem dt. Fest- und Mobilfunknetz). Alle Angebote gültig bis Samstag, 22.04.2023, KW 16. Wir haben uns für diesen Zeitraum ausreichend bevorratet. Bitte entschuldigen Sie, wenn die Artikel auf Grund der großen Nachfrage dennoch im Einzelfall ausverkauft sein sollten. Abgabe in haushaltsüblichen Mengen. Für Darstellungsfehler übernehmen wir keine Haftung. EDEKA-Markt Minden-Hannover GmbH, Wittelsbacherallee 61, 32427 Minden."
Blütezeit Öko-Windeln,3.99,Packung,placeholder,https://offer-images.api.edeka/497d9632-0fc1-4025-95a0-f092677e1acc_4311596652495_PER.png,"['versch. Größen und Füllmengen, Packung']",2023-04-20,2023-04-22,2023-04-17,"*Nicht in allen Filialen erhältlich. Alle weiteren Informationen der Firma und Anschrift Ihres teilnehmenden EDEKA-Marktes finden Sie unter www.edeka.de/marktsuche oder unter der Telefonnummer 0800 724 28 55 (kostenfrei aus dem dt. Fest- und Mobilfunknetz). Alle Angebote gültig bis Samstag, 22.04.2023, KW 16. Wir haben uns für diesen Zeitraum ausreichend bevorratet. Bitte entschuldigen Sie, wenn die Artikel auf Grund der großen Nachfrage dennoch im Einzelfall ausverkauft sein sollten. Abgabe in haushaltsüblichen Mengen. Für Darstellungsfehler übernehmen wir keine Haftung. EDEKA-Markt Minden-Hannover GmbH, Wittelsbacherallee 61, 32427 Minden."
Booster Energy-Drink,0.99,"1,5l PET-DPG-Flasche",placeholder,https://offer-images.api.edeka/cc21fbfa-7656-4d40-8fe0-5cfe23750720_4311596465286_PER.png,"['taurin- und koffeinhaltig, versch. Sorten, + 0,25 Pfand, 1,5l PET-DPG-Flasche, (1l=0,66)']",2023-04-20,2023-04-22,2023-04-17,"*Nicht in allen Filialen erhältlich. Alle weiteren Informationen der Firma und Anschrift Ihres teilnehmenden EDEKA-Marktes finden Sie unter www.edeka.de/marktsuche oder unter der Telefonnummer 0800 724 28 55 (kostenfrei aus dem dt. Fest- und Mobilfunknetz). Alle Angebote gültig bis Samstag, 22.04.2023, KW 16. Wir haben uns für diesen Zeitraum ausreichend bevorratet. Bitte entschuldigen Sie, wenn die Artikel auf Grund der großen Nachfrage dennoch im Einzelfall ausverkauft sein sollten. Abgabe in haushaltsüblichen Mengen. Für Darstellungsfehler übernehmen wir keine Haftung. EDEKA-Markt Minden-Hannover GmbH, Wittelsbacherallee 61, 32427 Minden."
Brunch,1.19,185g Becher,placeholder,https://offer-images.api.edeka/f7447d27-e738-4a4a-adff-6c207252a07d_4045357011329_VOR.png,"['aufs Brot und zum Kochen, versch. Sorten und Fettstufen, 185g Becher, (1kg=6,43)']",2023-04-20,2023-04-22,2023-04-17,"*Nicht in allen Filialen erhältlich. Alle weiteren Informationen der Firma und Anschrift Ihres teilnehmenden EDEKA-Marktes finden Sie unter www.edeka.de/marktsuche oder unter der Telefonnummer 0800 724 28 55 (kostenfrei aus dem dt. Fest- und Mobilfunknetz). Alle Angebote gültig bis Samstag, 22.04.2023, KW 16. Wir haben uns für diesen Zeitraum ausreichend bevorratet. Bitte entschuldigen Sie, wenn die Artikel auf Grund der großen Nachfrage dennoch im Einzelfall ausverkauft sein sollten. Abgabe in haushaltsüblichen Mengen. Für Darstellungsfehler übernehmen wir keine Haftung. EDEKA-Markt Minden-Hannover GmbH, Wittelsbacherallee 61, 32427 Minden."
Bünting Tee Grünpack,6.49,500g Packung,placeholder,https://offer-images.api.edeka/95e764d7-59e7-41d8-8638-7cc3d6e6e312_4008837201054_PER.png,"['schwarzer Tee, original aus Ostfriesland, Spitzenklasse, 500g Packung, (1kg=12,98)']",2023-04-20,2023-04-22,2023-04-17,"*Nicht in allen Filialen erhältlich. Alle weiteren Informationen der Firma und Anschrift Ihres teilnehmenden EDEKA-Marktes finden Sie unter www.edeka.de/marktsuche oder unter der Telefonnummer 0800 724 28 55 (kostenfrei aus dem dt. Fest- und Mobilfunknetz). Alle Angebote gültig bis Samstag, 22.04.2023, KW 16. Wir haben uns für diesen Zeitraum ausreichend bevorratet. Bitte entschuldigen Sie, wenn die Artikel auf Grund der großen Nachfrage dennoch im Einzelfall ausverkauft sein sollten. Abgabe in haushaltsüblichen Mengen. Für Darstellungsfehler übernehmen wir keine Haftung. EDEKA-Markt Minden-Hannover GmbH, Wittelsbacherallee 61, 32427 Minden."
Camembert Gran Cantorel,1.59,100g,placeholder,https://offer-images.api.edeka/4645406e-6fa7-4ad5-b692-8584fd9e966b_61080_01.png,"['franz. Weichkäse, cremig-milder Geschmack, 60% Fett i. Tr., 100g, (1kg=15,90)']",2023-04-20,2023-04-22,2023-04-17,"*Nicht in allen Filialen erhältlich. Alle weiteren Informationen der Firma und Anschrift Ihres teilnehmenden EDEKA-Marktes finden Sie unter www.edeka.de/marktsuche oder unter der Telefonnummer 0800 724 28 55 (kostenfrei aus dem dt. Fest- und Mobilfunknetz). Alle Angebote gültig bis Samstag, 22.04.2023, KW 16. Wir haben uns für diesen Zeitraum ausreichend bevorratet. Bitte entschuldigen Sie, wenn die Artikel auf Grund der großen Nachfrage dennoch im Einzelfall ausverkauft sein sollten. Abgabe in haushaltsüblichen Mengen. Für Darstellungsfehler übernehmen wir keine Haftung. EDEKA-Markt Minden-Hannover GmbH, Wittelsbacherallee 61, 32427 Minden."
Campari,11.99,"0,7l Flasche",placeholder,https://offer-images.api.edeka/17da3d63-fbdb-4932-840b-96c087c4c540_8000040001106_VOR.png,"['Aperitiv, 25% Vol., 0,7l Flasche, (1l=17,13)']",2023-04-20,2023-04-22,2023-04-17,"*Nicht in allen Filialen erhältlich. Alle weiteren Informationen der Firma und Anschrift Ihres teilnehmenden EDEKA-Marktes finden Sie unter www.edeka.de/marktsuche oder unter der Telefonnummer 0800 724 28 55 (kostenfrei aus dem dt. Fest- und Mobilfunknetz). Alle Angebote gültig bis Samstag, 22.04.2023, KW 16. Wir haben uns für diesen Zeitraum ausreichend bevorratet. Bitte entschuldigen Sie, wenn die Artikel auf Grund der großen Nachfrage dennoch im Einzelfall ausverkauft sein sollten. Abgabe in haushaltsüblichen Mengen. Für Darstellungsfehler übernehmen wir keine Haftung. EDEKA-Markt Minden-Hannover GmbH, Wittelsbacherallee 61, 32427 Minden."
Carefree Slipeinlagen,2.22,Packung,placeholder,https://offer-images.api.edeka/85aa6173-9ffe-481f-a352-28762fef9f26_3574661486314_PER.png,"['versch. Varianten und Füllmengen, Packung']",2023-04-20,2023-04-22,2023-04-17,"*Nicht in allen Filialen erhältlich. Alle weiteren Informationen der Firma und Anschrift Ihres teilnehmenden EDEKA-Marktes finden Sie unter www.edeka.de/marktsuche oder unter der Telefonnummer 0800 724 28 55 (kostenfrei aus dem dt. Fest- und Mobilfunknetz). Alle Angebote gültig bis Samstag, 22.04.2023, KW 16. Wir haben uns für diesen Zeitraum ausreichend bevorratet. Bitte entschuldigen Sie, wenn die Artikel auf Grund der großen Nachfrage dennoch im Einzelfall ausverkauft sein sollten. Abgabe in haushaltsüblichen Mengen. Für Darstellungsfehler übernehmen wir keine Haftung. EDEKA-Markt Minden-Hannover GmbH, Wittelsbacherallee 61, 32427 Minden."
"Coca-Cola, Fanta oder Sprite",0.99,"1,5l PET-DPG-Flasche",placeholder,https://offer-images.api.edeka/45491c69-d785-4837-9fa3-b45e4273b9dd_5000112547726_VOR.png,"['teilw. koffeinhaltig, + 0,25 Pfand, 1,5l PET-DPG-Flasche, (1l=0,66)']",2023-04-20,2023-04-22,2023-04-17,"*Nicht in allen Filialen erhältlich. Alle weiteren Informationen der Firma und Anschrift Ihres teilnehmenden EDEKA-Marktes finden Sie unter www.edeka.de/marktsuche oder unter der Telefonnummer 0800 724 28 55 (kostenfrei aus dem dt. Fest- und Mobilfunknetz). Alle Angebote gültig bis Samstag, 22.04.2023, KW 16. Wir haben uns für diesen Zeitraum ausreichend bevorratet. Bitte entschuldigen Sie, wenn die Artikel auf Grund der großen Nachfrage dennoch im Einzelfall ausverkauft sein sollten. Abgabe in haushaltsüblichen Mengen. Für Darstellungsfehler übernehmen wir keine Haftung. EDEKA-Markt Minden-Hannover GmbH, Wittelsbacherallee 61, 32427 Minden."
Colgate Komplett,0.79,75ml Tube,placeholder,https://offer-images.api.edeka/c3c7fff2-2682-4a55-8ece-df19312a06ce_8718951035461_VOR.png,"['Zahncreme, versch. Varianten, 75ml Tube, (1l=10,53)']",2023-04-20,2023-04-22,2023-04-17,"*Nicht in allen Filialen erhältlich. Alle weiteren Informationen der Firma und Anschrift Ihres teilnehmenden EDEKA-Marktes finden Sie unter www.edeka.de/marktsuche oder unter der Telefonnummer 0800 724 28 55 (kostenfrei aus dem dt. Fest- und Mobilfunknetz). Alle Angebote gültig bis Samstag, 22.04.2023, KW 16. Wir haben uns für diesen Zeitraum ausreichend bevorratet. Bitte entschuldigen Sie, wenn die Artikel auf Grund der großen Nachfrage dennoch im Einzelfall ausverkauft sein sollten. Abgabe in haushaltsüblichen Mengen. Für Darstellungsfehler übernehmen wir keine Haftung. EDEKA-Markt Minden-Hannover GmbH, Wittelsbacherallee 61, 32427 Minden."
Deit,7.49,12x1l PET-Flasche,placeholder,https://offer-images.api.edeka/0c398168-73c2-4291-b2d4-b7c0ec61ad9e_4105490999752_PER.png,"['kalorienarme Erfrischungsgetränke, versch. Sorten, + 3,30 Pfand, 12x1l PET-Flasche, (1l=0,62)']",2023-04-20,2023-04-22,2023-04-17,"*Nicht in allen Filialen erhältlich. Alle weiteren Informationen der Firma und Anschrift Ihres teilnehmenden EDEKA-Marktes finden Sie unter www.edeka.de/marktsuche oder unter der Telefonnummer 0800 724 28 55 (kostenfrei aus dem dt. Fest- und Mobilfunknetz). Alle Angebote gültig bis Samstag, 22.04.2023, KW 16. Wir haben uns für diesen Zeitraum ausreichend bevorratet. Bitte entschuldigen Sie, wenn die Artikel auf Grund der großen Nachfrage dennoch im Einzelfall ausverkauft sein sollten. Abgabe in haushaltsüblichen Mengen. Für Darstellungsfehler übernehmen wir keine Haftung. EDEKA-Markt Minden-Hannover GmbH, Wittelsbacherallee 61, 32427 Minden."
Delverde Buitoni Zwieback Klassik,1.29,300g Packung,placeholder,https://offer-images.api.edeka/6c5dfe17-c396-42c6-8b05-d37b197a822a_8000270705195.png,"['300g Packung, (1kg=4,30)']",2023-04-20,2023-04-22,2023-04-17,"*Nicht in allen Filialen erhältlich. Alle weiteren Informationen der Firma und Anschrift Ihres teilnehmenden EDEKA-Marktes finden Sie unter www.edeka.de/marktsuche oder unter der Telefonnummer 0800 724 28 55 (kostenfrei aus dem dt. Fest- und Mobilfunknetz). Alle Angebote gültig bis Samstag, 22.04.2023, KW 16. Wir haben uns für diesen Zeitraum ausreichend bevorratet. Bitte entschuldigen Sie, wenn die Artikel auf Grund der großen Nachfrage dennoch im Einzelfall ausverkauft sein sollten. Abgabe in haushaltsüblichen Mengen. Für Darstellungsfehler übernehmen wir keine Haftung. EDEKA-Markt Minden-Hannover GmbH, Wittelsbacherallee 61, 32427 Minden."
Delverde Classica Ital. Teigwaren,0.99,500g Beutel,placeholder,https://offer-images.api.edeka/340d4217-f785-4e10-895b-722b8f773751_8000270013122_VOR.png,"['aus Vollkorn-Hartweizengrieß, versch. Ausformungen, 500g Beutel, (1kg=1,98)']",2023-04-20,2023-04-22,2023-04-17,"*Nicht in allen Filialen erhältlich. Alle weiteren Informationen der Firma und Anschrift Ihres teilnehmenden EDEKA-Marktes finden Sie unter www.edeka.de/marktsuche oder unter der Telefonnummer 0800 724 28 55 (kostenfrei aus dem dt. Fest- und Mobilfunknetz). Alle Angebote gültig bis Samstag, 22.04.2023, KW 16. Wir haben uns für diesen Zeitraum ausreichend bevorratet. Bitte entschuldigen Sie, wenn die Artikel auf Grund der großen Nachfrage dennoch im Einzelfall ausverkauft sein sollten. Abgabe in haushaltsüblichen Mengen. Für Darstellungsfehler übernehmen wir keine Haftung. EDEKA-Markt Minden-Hannover GmbH, Wittelsbacherallee 61, 32427 Minden."
Dokas Snacks,1.49,70g Beutel,placeholder,https://offer-images.api.edeka/bdabec33-9191-4e4b-97f7-dc1f760d4659_4251276200274_VOR.png,"['Ergänzungsfuttermittel für ausgewachsene Hunde, versch. Sorten, 70g Beutel, (1kg=21,29)']",2023-04-20,2023-04-22,2023-04-17,"*Nicht in allen Filialen erhältlich. Alle weiteren Informationen der Firma und Anschrift Ihres teilnehmenden EDEKA-Marktes finden Sie unter www.edeka.de/marktsuche oder unter der Telefonnummer 0800 724 28 55 (kostenfrei aus dem dt. Fest- und Mobilfunknetz). Alle Angebote gültig bis Samstag, 22.04.2023, KW 16. Wir haben uns für diesen Zeitraum ausreichend bevorratet. Bitte entschuldigen Sie, wenn die Artikel auf Grund der großen Nachfrage dennoch im Einzelfall ausverkauft sein sollten. Abgabe in haushaltsüblichen Mengen. Für Darstellungsfehler übernehmen wir keine Haftung. EDEKA-Markt Minden-Hannover GmbH, Wittelsbacherallee 61, 32427 Minden."
Doppelsemmel,0.19,Stück,placeholder,https://offer-images.api.edeka/425ab01e-5850-48f4-ab2c-d7ef04f3aef5_94066_doppelbroetchen_anschnitt_hz.png,"['leckere Weizenbrötchen im Doppelpack, mit feiner Krume und knuspriger Kruste, Stück']",2023-04-20,2023-04-22,2023-04-17,"*Nicht in allen Filialen erhältlich. Alle weiteren Informationen der Firma und Anschrift Ihres teilnehmenden EDEKA-Marktes finden Sie unter www.edeka.de/marktsuche oder unter der Telefonnummer 0800 724 28 55 (kostenfrei aus dem dt. Fest- und Mobilfunknetz). Alle Angebote gültig bis Samstag, 22.04.2023, KW 16. Wir haben uns für diesen Zeitraum ausreichend bevorratet. Bitte entschuldigen Sie, wenn die Artikel auf Grund der großen Nachfrage dennoch im Einzelfall ausverkauft sein sollten. Abgabe in haushaltsüblichen Mengen. Für Darstellungsfehler übernehmen wir keine Haftung. EDEKA-Markt Minden-Hannover GmbH, Wittelsbacherallee 61, 32427 Minden."
Durstlöscher,0.59,500ml Packung,placeholder,https://offer-images.api.edeka/be0b5bb2-c3e4-4428-b55b-cc86e83db244_4100060007400_PER.png,"['Erfrischungsgetränk, versch. Sorten, 500ml Packung, (1l=1,18)']",2023-04-20,2023-04-22,2023-04-17,"*Nicht in allen Filialen erhältlich. Alle weiteren Informationen der Firma und Anschrift Ihres teilnehmenden EDEKA-Marktes finden Sie unter www.edeka.de/marktsuche oder unter der Telefonnummer 0800 724 28 55 (kostenfrei aus dem dt. Fest- und Mobilfunknetz). Alle Angebote gültig bis Samstag, 22.04.2023, KW 16. Wir haben uns für diesen Zeitraum ausreichend bevorratet. Bitte entschuldigen Sie, wenn die Artikel auf Grund der großen Nachfrage dennoch im Einzelfall ausverkauft sein sollten. Abgabe in haushaltsüblichen Mengen. Für Darstellungsfehler übernehmen wir keine Haftung. EDEKA-Markt Minden-Hannover GmbH, Wittelsbacherallee 61, 32427 Minden."
Dörffler Stramme Jungs,2.22,550g Dose,placeholder,https://offer-images.api.edeka/ed176a9c-53ec-429b-9272-752051592e81_4048952500090_VOR.png,"['Würstchen im zarten Saitling, 550g Dose, (1kg=8,88)']",2023-04-20,2023-04-22,2023-04-17,"*Nicht in allen Filialen erhältlich. Alle weiteren Informationen der Firma und Anschrift Ihres teilnehmenden EDEKA-Marktes finden Sie unter www.edeka.de/marktsuche oder unter der Telefonnummer 0800 724 28 55 (kostenfrei aus dem dt. Fest- und Mobilfunknetz). Alle Angebote gültig bis Samstag, 22.04.2023, KW 16. Wir haben uns für diesen Zeitraum ausreichend bevorratet. Bitte entschuldigen Sie, wenn die Artikel auf Grund der großen Nachfrage dennoch im Einzelfall ausverkauft sein sollten. Abgabe in haushaltsüblichen Mengen. Für Darstellungsfehler übernehmen wir keine Haftung. EDEKA-Markt Minden-Hannover GmbH, Wittelsbacherallee 61, 32427 Minden."
EDEKA Bio Gekochte Mettwurst oder Mortadella mit Champignons,1.29,75g Packung,placeholder,https://offer-images.api.edeka/f06a91e5-2d4c-44c2-8aad-d9bfd1421341_4311501681572_PER.png,"['Spitzenqualität, in Scheiben, 75g Packung, (1kg=17,20)']",2023-04-20,2023-04-22,2023-04-17,"*Nicht in allen Filialen erhältlich. Alle weiteren Informationen der Firma und Anschrift Ihres teilnehmenden EDEKA-Marktes finden Sie unter www.edeka.de/marktsuche oder unter der Telefonnummer 0800 724 28 55 (kostenfrei aus dem dt. Fest- und Mobilfunknetz). Alle Angebote gültig bis Samstag, 22.04.2023, KW 16. Wir haben uns für diesen Zeitraum ausreichend bevorratet. Bitte entschuldigen Sie, wenn die Artikel auf Grund der großen Nachfrage dennoch im Einzelfall ausverkauft sein sollten. Abgabe in haushaltsüblichen Mengen. Für Darstellungsfehler übernehmen wir keine Haftung. EDEKA-Markt Minden-Hannover GmbH, Wittelsbacherallee 61, 32427 Minden."
EDEKA Bio Knuspermüsli,2.49,500g Beutel,placeholder,https://offer-images.api.edeka/2ac3a005-02e8-479e-bbde-b12bc701c137_4311501636183_PER.png,"['versch. Sorten, 500g Beutel, (1kg=4,98)']",2023-04-20,2023-04-22,2023-04-17,"*Nicht in allen Filialen erhältlich. Alle weiteren Informationen der Firma und Anschrift Ihres teilnehmenden EDEKA-Marktes finden Sie unter www.edeka.de/marktsuche oder unter der Telefonnummer 0800 724 28 55 (kostenfrei aus dem dt. Fest- und Mobilfunknetz). Alle Angebote gültig bis Samstag, 22.04.2023, KW 16. Wir haben uns für diesen Zeitraum ausreichend bevorratet. Bitte entschuldigen Sie, wenn die Artikel auf Grund der großen Nachfrage dennoch im Einzelfall ausverkauft sein sollten. Abgabe in haushaltsüblichen Mengen. Für Darstellungsfehler übernehmen wir keine Haftung. EDEKA-Markt Minden-Hannover GmbH, Wittelsbacherallee 61, 32427 Minden."
EDEKA Mini-Fladenbrot,0.99,2x100g = 200g Packung,placeholder,https://offer-images.api.edeka/1fa91323-783b-4021-9336-31ea72a4e1a6_43115014717349_PER.png,"['bestreut mit Sesam und Schwarzkümmel, 2x100g = 200g Packung, (1kg=4,95)']",2023-04-20,2023-04-22,2023-04-17,"*Nicht in allen Filialen erhältlich. Alle weiteren Informationen der Firma und Anschrift Ihres teilnehmenden EDEKA-Marktes finden Sie unter www.edeka.de/marktsuche oder unter der Telefonnummer 0800 724 28 55 (kostenfrei aus dem dt. Fest- und Mobilfunknetz). Alle Angebote gültig bis Samstag, 22.04.2023, KW 16. Wir haben uns für diesen Zeitraum ausreichend bevorratet. Bitte entschuldigen Sie, wenn die Artikel auf Grund der großen Nachfrage dennoch im Einzelfall ausverkauft sein sollten. Abgabe in haushaltsüblichen Mengen. Für Darstellungsfehler übernehmen wir keine Haftung. EDEKA-Markt Minden-Hannover GmbH, Wittelsbacherallee 61, 32427 Minden."
EDEKA Reis,0.99,500g Beutel,placeholder,https://offer-images.api.edeka/c982fcf5-2250-4d34-96d9-6d2ea6319f29_4311501327388_PER.png,"['versch. Sorten, 500g Beutel, (1kg=1,98)']",2023-04-20,2023-04-22,2023-04-17,"*Nicht in allen Filialen erhältlich. Alle weiteren Informationen der Firma und Anschrift Ihres teilnehmenden EDEKA-Marktes finden Sie unter www.edeka.de/marktsuche oder unter der Telefonnummer 0800 724 28 55 (kostenfrei aus dem dt. Fest- und Mobilfunknetz). Alle Angebote gültig bis Samstag, 22.04.2023, KW 16. Wir haben uns für diesen Zeitraum ausreichend bevorratet. Bitte entschuldigen Sie, wenn die Artikel auf Grund der großen Nachfrage dennoch im Einzelfall ausverkauft sein sollten. Abgabe in haushaltsüblichen Mengen. Für Darstellungsfehler übernehmen wir keine Haftung. EDEKA-Markt Minden-Hannover GmbH, Wittelsbacherallee 61, 32427 Minden."
EDEKA Tomatenketchup,1.11,300ml Flasche,placeholder,https://offer-images.api.edeka/d2050f89-5fdf-4cd0-8a53-6cd0b3d9f5d7_4311501649251_PER.png,"['aus erntefrischen Tomaten, 300ml Flasche, (1l=3,70)']",2023-04-20,2023-04-22,2023-04-17,"*Nicht in allen Filialen erhältlich. Alle weiteren Informationen der Firma und Anschrift Ihres teilnehmenden EDEKA-Marktes finden Sie unter www.edeka.de/marktsuche oder unter der Telefonnummer 0800 724 28 55 (kostenfrei aus dem dt. Fest- und Mobilfunknetz). Alle Angebote gültig bis Samstag, 22.04.2023, KW 16. Wir haben uns für diesen Zeitraum ausreichend bevorratet. Bitte entschuldigen Sie, wenn die Artikel auf Grund der großen Nachfrage dennoch im Einzelfall ausverkauft sein sollten. Abgabe in haushaltsüblichen Mengen. Für Darstellungsfehler übernehmen wir keine Haftung. EDEKA-Markt Minden-Hannover GmbH, Wittelsbacherallee 61, 32427 Minden."
Elinas Joghurt,1.99,4x150g = 600g Packung,placeholder,https://offer-images.api.edeka/0101773e-9330-465a-bc2b-2d62f37eeba3_4003490323747_PER.png,"['nach griechischer Art, versch. Sorten, 4x150g = 600g Packung, (1kg=3,32)']",2023-04-20,2023-04-22,2023-04-17,"*Nicht in allen Filialen erhältlich. Alle weiteren Informationen der Firma und Anschrift Ihres teilnehmenden EDEKA-Marktes finden Sie unter www.edeka.de/marktsuche oder unter der Telefonnummer 0800 724 28 55 (kostenfrei aus dem dt. Fest- und Mobilfunknetz). Alle Angebote gültig bis Samstag, 22.04.2023, KW 16. Wir haben uns für diesen Zeitraum ausreichend bevorratet. Bitte entschuldigen Sie, wenn die Artikel auf Grund der großen Nachfrage dennoch im Einzelfall ausverkauft sein sollten. Abgabe in haushaltsüblichen Mengen. Für Darstellungsfehler übernehmen wir keine Haftung. EDEKA-Markt Minden-Hannover GmbH, Wittelsbacherallee 61, 32427 Minden."
Galbani Mozzarella,0.99,125g Beutel,placeholder,https://offer-images.api.edeka/f2260b4c-49d0-4cf2-b332-2bfa77f31ffb_8000430133035_VOR.png,"['milder Geschmack, 45% Fett i. Tr., 125g Beutel, (1kg=7,92)']",2023-04-20,2023-04-22,2023-04-17,"*Nicht in allen Filialen erhältlich. Alle weiteren Informationen der Firma und Anschrift Ihres teilnehmenden EDEKA-Marktes finden Sie unter www.edeka.de/marktsuche oder unter der Telefonnummer 0800 724 28 55 (kostenfrei aus dem dt. Fest- und Mobilfunknetz). Alle Angebote gültig bis Samstag, 22.04.2023, KW 16. Wir haben uns für diesen Zeitraum ausreichend bevorratet. Bitte entschuldigen Sie, wenn die Artikel auf Grund der großen Nachfrage dennoch im Einzelfall ausverkauft sein sollten. Abgabe in haushaltsüblichen Mengen. Für Darstellungsfehler übernehmen wir keine Haftung. EDEKA-Markt Minden-Hannover GmbH, Wittelsbacherallee 61, 32427 Minden."
GUT&GÜNSTIG Delikatess-Frischwurst-Aufschnitt,0.99,200g Packung,placeholder,https://offer-images.api.edeka/245e96eb-f22b-4be5-a817-1772a743fe16_4311501489635_PER.png,"['Spitzenqualität, versch. Sorten, 200g Packung, (1kg=4,95)']",2023-04-20,2023-04-22,2023-04-17,"*Nicht in allen Filialen erhältlich. Alle weiteren Informationen der Firma und Anschrift Ihres teilnehmenden EDEKA-Marktes finden Sie unter www.edeka.de/marktsuche oder unter der Telefonnummer 0800 724 28 55 (kostenfrei aus dem dt. Fest- und Mobilfunknetz). Alle Angebote gültig bis Samstag, 22.04.2023, KW 16. Wir haben uns für diesen Zeitraum ausreichend bevorratet. Bitte entschuldigen Sie, wenn die Artikel auf Grund der großen Nachfrage dennoch im Einzelfall ausverkauft sein sollten. Abgabe in haushaltsüblichen Mengen. Für Darstellungsfehler übernehmen wir keine Haftung. EDEKA-Markt Minden-Hannover GmbH, Wittelsbacherallee 61, 32427 Minden."
"GUT&GÜNSTIG Edamer, Gouda, Tilsiter oder Butterkäse",2.99,400g Packung,placeholder,https://offer-images.api.edeka/0a47ab04-f755-480c-bd7d-8e7b06123b05_4311501622605_PER.png,"['in Scheiben, versch. Fettstufen, 400g Packung, (1kg=7,48)']",2023-04-20,2023-04-22,2023-04-17,"*Nicht in allen Filialen erhältlich. Alle weiteren Informationen der Firma und Anschrift Ihres teilnehmenden EDEKA-Marktes finden Sie unter www.edeka.de/marktsuche oder unter der Telefonnummer 0800 724 28 55 (kostenfrei aus dem dt. Fest- und Mobilfunknetz). Alle Angebote gültig bis Samstag, 22.04.2023, KW 16. Wir haben uns für diesen Zeitraum ausreichend bevorratet. Bitte entschuldigen Sie, wenn die Artikel auf Grund der großen Nachfrage dennoch im Einzelfall ausverkauft sein sollten. Abgabe in haushaltsüblichen Mengen. Für Darstellungsfehler übernehmen wir keine Haftung. EDEKA-Markt Minden-Hannover GmbH, Wittelsbacherallee 61, 32427 Minden."
GUT&GÜNSTIG Caffé Crema oder Espresso,5.99,1kg Beutel,placeholder,https://offer-images.api.edeka/e1639013-e2ff-4e12-8ec7-729a7608bed7_4311501630419_PER.png,"['ganze Bohnen, ideal für Kaffeevollautomaten, 1kg Beutel']",2023-04-20,2023-04-22,2023-04-17,"*Nicht in allen Filialen erhältlich. Alle weiteren Informationen der Firma und Anschrift Ihres teilnehmenden EDEKA-Marktes finden Sie unter www.edeka.de/marktsuche oder unter der Telefonnummer 0800 724 28 55 (kostenfrei aus dem dt. Fest- und Mobilfunknetz). Alle Angebote gültig bis Samstag, 22.04.2023, KW 16. Wir haben uns für diesen Zeitraum ausreichend bevorratet. Bitte entschuldigen Sie, wenn die Artikel auf Grund der großen Nachfrage dennoch im Einzelfall ausverkauft sein sollten. Abgabe in haushaltsüblichen Mengen. Für Darstellungsfehler übernehmen wir keine Haftung. EDEKA-Markt Minden-Hannover GmbH, Wittelsbacherallee 61, 32427 Minden."
GUT&GÜNSTIG Streichzart,1.11,250g Becher,placeholder,https://offer-images.api.edeka/1a732301-44a1-4638-8458-cb816dc3f188_4311501467053_PER.png,"['Streichfett mit feiner Butter und reinem Rapsöl, gesalzen oder ungesalzen, 250g Becher, (1kg=4,44)']",2023-04-20,2023-04-22,2023-04-17,"*Nicht in allen Filialen erhältlich. Alle weiteren Informationen der Firma und Anschrift Ihres teilnehmenden EDEKA-Marktes finden Sie unter www.edeka.de/marktsuche oder unter der Telefonnummer 0800 724 28 55 (kostenfrei aus dem dt. Fest- und Mobilfunknetz). Alle Angebote gültig bis Samstag, 22.04.2023, KW 16. Wir haben uns für diesen Zeitraum ausreichend bevorratet. Bitte entschuldigen Sie, wenn die Artikel auf Grund der großen Nachfrage dennoch im Einzelfall ausverkauft sein sollten. Abgabe in haushaltsüblichen Mengen. Für Darstellungsfehler übernehmen wir keine Haftung. EDEKA-Markt Minden-Hannover GmbH, Wittelsbacherallee 61, 32427 Minden."
GUT&GÜNSTIG Mildes Weizenmischbrot,0.59,250g Beutel,placeholder,https://offer-images.api.edeka/fcd8c1d3-b3cd-4fc0-80ac-791d5ed35aab_4311501008201_PER.png,"['mit 55% Weizenmehl, 250g Beutel, (1kg=2,36)']",2023-04-20,2023-04-22,2023-04-17,"*Nicht in allen Filialen erhältlich. Alle weiteren Informationen der Firma und Anschrift Ihres teilnehmenden EDEKA-Marktes finden Sie unter www.edeka.de/marktsuche oder unter der Telefonnummer 0800 724 28 55 (kostenfrei aus dem dt. Fest- und Mobilfunknetz). Alle Angebote gültig bis Samstag, 22.04.2023, KW 16. Wir haben uns für diesen Zeitraum ausreichend bevorratet. Bitte entschuldigen Sie, wenn die Artikel auf Grund der großen Nachfrage dennoch im Einzelfall ausverkauft sein sollten. Abgabe in haushaltsüblichen Mengen. Für Darstellungsfehler übernehmen wir keine Haftung. EDEKA-Markt Minden-Hannover GmbH, Wittelsbacherallee 61, 32427 Minden."
GUT&GÜNSTIG Joghurt mild,0.29,150g Becher,placeholder,https://offer-images.api.edeka/3593f0c9-9d0c-4148-940b-5893bca6f082_4311501008256_PER.png,"['cremig gerührt, 1,5% Fett, 150g Becher, (1kg=1,93)']",2023-04-20,2023-04-22,2023-04-17,"*Nicht in allen Filialen erhältlich. Alle weiteren Informationen der Firma und Anschrift Ihres teilnehmenden EDEKA-Marktes finden Sie unter www.edeka.de/marktsuche oder unter der Telefonnummer 0800 724 28 55 (kostenfrei aus dem dt. Fest- und Mobilfunknetz). Alle Angebote gültig bis Samstag, 22.04.2023, KW 16. Wir haben uns für diesen Zeitraum ausreichend bevorratet. Bitte entschuldigen Sie, wenn die Artikel auf Grund der großen Nachfrage dennoch im Einzelfall ausverkauft sein sollten. Abgabe in haushaltsüblichen Mengen. Für Darstellungsfehler übernehmen wir keine Haftung. EDEKA-Markt Minden-Hannover GmbH, Wittelsbacherallee 61, 32427 Minden."
GUT&GÜNSTIG Delikatess Schinkenwürfel,1.99,2x75/125g = 150/250g Packung,placeholder,https://offer-images.api.edeka/08232e96-aa77-4f2a-9688-c34d9fc95e92_4311596424870_PER.png,"['mild geräuchert, versch. Sorten, 2x75/125g = 150/250g Packung, (1kg=13,27/7,96)']",2023-04-20,2023-04-22,2023-04-17,"*Nicht in allen Filialen erhältlich. Alle weiteren Informationen der Firma und Anschrift Ihres teilnehmenden EDEKA-Marktes finden Sie unter www.edeka.de/marktsuche oder unter der Telefonnummer 0800 724 28 55 (kostenfrei aus dem dt. Fest- und Mobilfunknetz). Alle Angebote gültig bis Samstag, 22.04.2023, KW 16. Wir haben uns für diesen Zeitraum ausreichend bevorratet. Bitte entschuldigen Sie, wenn die Artikel auf Grund der großen Nachfrage dennoch im Einzelfall ausverkauft sein sollten. Abgabe in haushaltsüblichen Mengen. Für Darstellungsfehler übernehmen wir keine Haftung. EDEKA-Markt Minden-Hannover GmbH, Wittelsbacherallee 61, 32427 Minden."
GUT&GÜNSTIG Norwegischer Räucherlachs,2.19,90g Packung,placeholder,https://offer-images.api.edeka/ff5b4479-bf54-4585-8f9b-1cb055a38f88_4311501708125.png,"['kalt geräuchert, trockengesalzen, in Scheiben, 90g Packung, (1kg=24,33)']",2023-04-20,2023-04-22,2023-04-17,"*Nicht in allen Filialen erhältlich. Alle weiteren Informationen der Firma und Anschrift Ihres teilnehmenden EDEKA-Marktes finden Sie unter www.edeka.de/marktsuche oder unter der Telefonnummer 0800 724 28 55 (kostenfrei aus dem dt. Fest- und Mobilfunknetz). Alle Angebote gültig bis Samstag, 22.04.2023, KW 16. Wir haben uns für diesen Zeitraum ausreichend bevorratet. Bitte entschuldigen Sie, wenn die Artikel auf Grund der großen Nachfrage dennoch im Einzelfall ausverkauft sein sollten. Abgabe in haushaltsüblichen Mengen. Für Darstellungsfehler übernehmen wir keine Haftung. EDEKA-Markt Minden-Hannover GmbH, Wittelsbacherallee 61, 32427 Minden."
GUT&GÜNSTIG Weltmeisterbrot,1.29,750g Laib,placeholder,https://offer-images.api.edeka/a60ccc88-5845-4235-a062-b41e3dc070a6_BO_Weltmeisterbrot_BO_Anschnitt_TS_318.png,"['saftiges Mehrkornbrot, mit aromatischer Saatenbestreuung, 750g Laib, (1kg=1,72)']",2023-04-20,2023-04-22,2023-04-17,"*Nicht in allen Filialen erhältlich. Alle weiteren Informationen der Firma und Anschrift Ihres teilnehmenden EDEKA-Marktes finden Sie unter www.edeka.de/marktsuche oder unter der Telefonnummer 0800 724 28 55 (kostenfrei aus dem dt. Fest- und Mobilfunknetz). Alle Angebote gültig bis Samstag, 22.04.2023, KW 16. Wir haben uns für diesen Zeitraum ausreichend bevorratet. Bitte entschuldigen Sie, wenn die Artikel auf Grund der großen Nachfrage dennoch im Einzelfall ausverkauft sein sollten. Abgabe in haushaltsüblichen Mengen. Für Darstellungsfehler übernehmen wir keine Haftung. EDEKA-Markt Minden-Hannover GmbH, Wittelsbacherallee 61, 32427 Minden."
HeiMart Krosse Kerle,0.99,115g Beutel,placeholder,https://offer-images.api.edeka/7b4b546f-cf4f-4b8c-8343-39f56565c274_4260257870078_VOR.png,"['Kartoffelchips, versch. Sorten, 115g Beutel, (1kg=8,61)']",2023-04-20,2023-04-22,2023-04-17,"*Nicht in allen Filialen erhältlich. Alle weiteren Informationen der Firma und Anschrift Ihres teilnehmenden EDEKA-Marktes finden Sie unter www.edeka.de/marktsuche oder unter der Telefonnummer 0800 724 28 55 (kostenfrei aus dem dt. Fest- und Mobilfunknetz). Alle Angebote gültig bis Samstag, 22.04.2023, KW 16. Wir haben uns für diesen Zeitraum ausreichend bevorratet. Bitte entschuldigen Sie, wenn die Artikel auf Grund der großen Nachfrage dennoch im Einzelfall ausverkauft sein sollten. Abgabe in haushaltsüblichen Mengen. Für Darstellungsfehler übernehmen wir keine Haftung. EDEKA-Markt Minden-Hannover GmbH, Wittelsbacherallee 61, 32427 Minden."
Henkel Weißer Riese oder Spee,3.49,18/19/22 Waschanwendungen,placeholder,https://offer-images.api.edeka/5d633a5e-652e-4145-bf01-6c01f91fc41f_4015000973670_PER.png,"['Vollwaschmittel, versch. Varianten, 18/19/22 Waschanwendungen, (1WA=0,19/0,18/0,16)']",2023-04-20,2023-04-22,2023-04-17,"*Nicht in allen Filialen erhältlich. Alle weiteren Informationen der Firma und Anschrift Ihres teilnehmenden EDEKA-Marktes finden Sie unter www.edeka.de/marktsuche oder unter der Telefonnummer 0800 724 28 55 (kostenfrei aus dem dt. Fest- und Mobilfunknetz). Alle Angebote gültig bis Samstag, 22.04.2023, KW 16. Wir haben uns für diesen Zeitraum ausreichend bevorratet. Bitte entschuldigen Sie, wenn die Artikel auf Grund der großen Nachfrage dennoch im Einzelfall ausverkauft sein sollten. Abgabe in haushaltsüblichen Mengen. Für Darstellungsfehler übernehmen wir keine Haftung. EDEKA-Markt Minden-Hannover GmbH, Wittelsbacherallee 61, 32427 Minden."
Iglo Green Cuisine oder Vegetarische/Vegane Fertiggerichte,2.49,Packung/Beutel,placeholder,https://offer-images.api.edeka/4a23f5a4-82d2-413b-8b64-68a10a167e36_4250241204231_PER.png,"['versch. Sorten, z.B.: Lasagne vegetarisch 450g, Chicken Dinos vegan 250g, Packung/Beutel, (1kg=5,53/9,96)']",2023-04-20,2023-04-22,2023-04-17,"*Nicht in allen Filialen erhältlich. Alle weiteren Informationen der Firma und Anschrift Ihres teilnehmenden EDEKA-Marktes finden Sie unter www.edeka.de/marktsuche oder unter der Telefonnummer 0800 724 28 55 (kostenfrei aus dem dt. Fest- und Mobilfunknetz). Alle Angebote gültig bis Samstag, 22.04.2023, KW 16. Wir haben uns für diesen Zeitraum ausreichend bevorratet. Bitte entschuldigen Sie, wenn die Artikel auf Grund der großen Nachfrage dennoch im Einzelfall ausverkauft sein sollten. Abgabe in haushaltsüblichen Mengen. Für Darstellungsfehler übernehmen wir keine Haftung. EDEKA-Markt Minden-Hannover GmbH, Wittelsbacherallee 61, 32427 Minden."
Kühne Grill- und Würzsaucen,0.99,250ml Flasche,placeholder,https://offer-images.api.edeka/736c671d-8e9f-4004-8755-1d6b0518ad69_40804941_VOR.png,"['versch. Sorten, 250ml Flasche, (1l=3,96)']",2023-04-20,2023-04-22,2023-04-17,"*Nicht in allen Filialen erhältlich. Alle weiteren Informationen der Firma und Anschrift Ihres teilnehmenden EDEKA-Marktes finden Sie unter www.edeka.de/marktsuche oder unter der Telefonnummer 0800 724 28 55 (kostenfrei aus dem dt. Fest- und Mobilfunknetz). Alle Angebote gültig bis Samstag, 22.04.2023, KW 16. Wir haben uns für diesen Zeitraum ausreichend bevorratet. Bitte entschuldigen Sie, wenn die Artikel auf Grund der großen Nachfrage dennoch im Einzelfall ausverkauft sein sollten. Abgabe in haushaltsüblichen Mengen. Für Darstellungsfehler übernehmen wir keine Haftung. EDEKA-Markt Minden-Hannover GmbH, Wittelsbacherallee 61, 32427 Minden."
Lorenz Crunchips oder Erdnußlocken,1.11,130/150/175g Beutel,placeholder,https://offer-images.api.edeka/cbf75a38-6550-496f-adfc-5eb6c3b91547_4018077741517_VOR.png,"['versch. Sorten, 130/150/175g Beutel, (1kg=8,54/7,40/6,34)']",2023-04-20,2023-04-22,2023-04-17,"*Nicht in allen Filialen erhältlich. Alle weiteren Informationen der Firma und Anschrift Ihres teilnehmenden EDEKA-Marktes finden Sie unter www.edeka.de/marktsuche oder unter der Telefonnummer 0800 724 28 55 (kostenfrei aus dem dt. Fest- und Mobilfunknetz). Alle Angebote gültig bis Samstag, 22.04.2023, KW 16. Wir haben uns für diesen Zeitraum ausreichend bevorratet. Bitte entschuldigen Sie, wenn die Artikel auf Grund der großen Nachfrage dennoch im Einzelfall ausverkauft sein sollten. Abgabe in haushaltsüblichen Mengen. Für Darstellungsfehler übernehmen wir keine Haftung. EDEKA-Markt Minden-Hannover GmbH, Wittelsbacherallee 61, 32427 Minden."
Maggi Spaghetti Bolognese oder Ravioli,1.59,800g Dose,placeholder,https://offer-images.api.edeka/211cb33a-6dc8-497b-a9e2-2018661d4108_4005500339403_VOR.png,"['versch. Sorten, 800g Dose, (1kg=1,99)']",2023-04-20,2023-04-22,2023-04-17,"*Nicht in allen Filialen erhältlich. Alle weiteren Informationen der Firma und Anschrift Ihres teilnehmenden EDEKA-Marktes finden Sie unter www.edeka.de/marktsuche oder unter der Telefonnummer 0800 724 28 55 (kostenfrei aus dem dt. Fest- und Mobilfunknetz). Alle Angebote gültig bis Samstag, 22.04.2023, KW 16. Wir haben uns für diesen Zeitraum ausreichend bevorratet. Bitte entschuldigen Sie, wenn die Artikel auf Grund der großen Nachfrage dennoch im Einzelfall ausverkauft sein sollten. Abgabe in haushaltsüblichen Mengen. Für Darstellungsfehler übernehmen wir keine Haftung. EDEKA-Markt Minden-Hannover GmbH, Wittelsbacherallee 61, 32427 Minden."
McCain Frites,1.99,600/650/750g Beutel,placeholder,https://offer-images.api.edeka/63e79b63-e07a-410b-840a-1354bbb5b315_8710438105087_VOR.png,"['Golden Longs, Steakhouse- oder Chef-Frites, 600/650/750g Beutel, (1kg=3,32/3,06/2,65)']",2023-04-20,2023-04-22,2023-04-17,"*Nicht in allen Filialen erhältlich. Alle weiteren Informationen der Firma und Anschrift Ihres teilnehmenden EDEKA-Marktes finden Sie unter www.edeka.de/marktsuche oder unter der Telefonnummer 0800 724 28 55 (kostenfrei aus dem dt. Fest- und Mobilfunknetz). Alle Angebote gültig bis Samstag, 22.04.2023, KW 16. Wir haben uns für diesen Zeitraum ausreichend bevorratet. Bitte entschuldigen Sie, wenn die Artikel auf Grund der großen Nachfrage dennoch im Einzelfall ausverkauft sein sollten. Abgabe in haushaltsüblichen Mengen. Für Darstellungsfehler übernehmen wir keine Haftung. EDEKA-Markt Minden-Hannover GmbH, Wittelsbacherallee 61, 32427 Minden."
Meggle Butterspezialitäten,1.99,120/125g Becher/Rolle,placeholder,https://offer-images.api.edeka/3ac0235a-9bc3-4b0f-9a18-349850298e40_40349251_VOR.png,"['versch. Sorten, 120/125g Becher/Rolle, (1kg=16,58/15,92)']",2023-04-20,2023-04-22,2023-04-17,"*Nicht in allen Filialen erhältlich. Alle weiteren Informationen der Firma und Anschrift Ihres teilnehmenden EDEKA-Marktes finden Sie unter www.edeka.de/marktsuche oder unter der Telefonnummer 0800 724 28 55 (kostenfrei aus dem dt. Fest- und Mobilfunknetz). Alle Angebote gültig bis Samstag, 22.04.2023, KW 16. Wir haben uns für diesen Zeitraum ausreichend bevorratet. Bitte entschuldigen Sie, wenn die Artikel auf Grund der großen Nachfrage dennoch im Einzelfall ausverkauft sein sollten. Abgabe in haushaltsüblichen Mengen. Für Darstellungsfehler übernehmen wir keine Haftung. EDEKA-Markt Minden-Hannover GmbH, Wittelsbacherallee 61, 32427 Minden."
Mekkafood Chickenwings,6.49,750g Beutel,placeholder,https://offer-images.api.edeka/5e701358-77df-42f1-bbd8-242af31f57fb_4026279974503_VOR.png,"['gewürzte Hähnchenflügel, mit rauchiger Marinade, 750g Beutel, (1kg=8,65)']",2023-04-20,2023-04-22,2023-04-17,"*Nicht in allen Filialen erhältlich. Alle weiteren Informationen der Firma und Anschrift Ihres teilnehmenden EDEKA-Marktes finden Sie unter www.edeka.de/marktsuche oder unter der Telefonnummer 0800 724 28 55 (kostenfrei aus dem dt. Fest- und Mobilfunknetz). Alle Angebote gültig bis Samstag, 22.04.2023, KW 16. Wir haben uns für diesen Zeitraum ausreichend bevorratet. Bitte entschuldigen Sie, wenn die Artikel auf Grund der großen Nachfrage dennoch im Einzelfall ausverkauft sein sollten. Abgabe in haushaltsüblichen Mengen. Für Darstellungsfehler übernehmen wir keine Haftung. EDEKA-Markt Minden-Hannover GmbH, Wittelsbacherallee 61, 32427 Minden."
Milchjunge,0.99,100g,placeholder,https://offer-images.api.edeka/ab7942d1-bf5a-4269-8a56-937aa2ba8733_62021.png,"['dän. Schnittkäse, mild-cremiger Geschmack, 45% Fett i. Tr., 100g, (1kg=9,90)']",2023-04-20,2023-04-22,2023-04-17,"*Nicht in allen Filialen erhältlich. Alle weiteren Informationen der Firma und Anschrift Ihres teilnehmenden EDEKA-Marktes finden Sie unter www.edeka.de/marktsuche oder unter der Telefonnummer 0800 724 28 55 (kostenfrei aus dem dt. Fest- und Mobilfunknetz). Alle Angebote gültig bis Samstag, 22.04.2023, KW 16. Wir haben uns für diesen Zeitraum ausreichend bevorratet. Bitte entschuldigen Sie, wenn die Artikel auf Grund der großen Nachfrage dennoch im Einzelfall ausverkauft sein sollten. Abgabe in haushaltsüblichen Mengen. Für Darstellungsfehler übernehmen wir keine Haftung. EDEKA-Markt Minden-Hannover GmbH, Wittelsbacherallee 61, 32427 Minden."
"Milka-**, Daim-, Kit Kat-, Toblerone- oder Oreo-Eiscreme",3.49,480ml Becher,placeholder,https://offer-images.api.edeka/cfee9635-7caa-4de7-a3c4-225f2e2c414b_4007993031383_VOR.png,"['**versch. Sorten, 480ml Becher, (1l=7,27)']",2023-04-20,2023-04-22,2023-04-17,"*Nicht in allen Filialen erhältlich. Alle weiteren Informationen der Firma und Anschrift Ihres teilnehmenden EDEKA-Marktes finden Sie unter www.edeka.de/marktsuche oder unter der Telefonnummer 0800 724 28 55 (kostenfrei aus dem dt. Fest- und Mobilfunknetz). Alle Angebote gültig bis Samstag, 22.04.2023, KW 16. Wir haben uns für diesen Zeitraum ausreichend bevorratet. Bitte entschuldigen Sie, wenn die Artikel auf Grund der großen Nachfrage dennoch im Einzelfall ausverkauft sein sollten. Abgabe in haushaltsüblichen Mengen. Für Darstellungsfehler übernehmen wir keine Haftung. EDEKA-Markt Minden-Hannover GmbH, Wittelsbacherallee 61, 32427 Minden."
Moselland Akzente Weine,3.49,"0,75l Flasche",placeholder,https://offer-images.api.edeka/a71731f5-e9b5-4021-ba73-1ecd1471f188_4006975004186_VOR.png,"['versch. Sorten, 0,75l Flasche, (1l=4,65)']",2023-04-20,2023-04-22,2023-04-17,"*Nicht in allen Filialen erhältlich. Alle weiteren Informationen der Firma und Anschrift Ihres teilnehmenden EDEKA-Marktes finden Sie unter www.edeka.de/marktsuche oder unter der Telefonnummer 0800 724 28 55 (kostenfrei aus dem dt. Fest- und Mobilfunknetz). Alle Angebote gültig bis Samstag, 22.04.2023, KW 16. Wir haben uns für diesen Zeitraum ausreichend bevorratet. Bitte entschuldigen Sie, wenn die Artikel auf Grund der großen Nachfrage dennoch im Einzelfall ausverkauft sein sollten. Abgabe in haushaltsüblichen Mengen. Für Darstellungsfehler übernehmen wir keine Haftung. EDEKA-Markt Minden-Hannover GmbH, Wittelsbacherallee 61, 32427 Minden."
Mutti Tomaten,1.11,400g Dose,placeholder,https://offer-images.api.edeka/16e970a9-5632-44f0-a578-8c49d78aff5a_80042556_VOR.png,"['versch. Sorten, 400g Dose, (1kg=2,78)']",2023-04-20,2023-04-22,2023-04-17,"*Nicht in allen Filialen erhältlich. Alle weiteren Informationen der Firma und Anschrift Ihres teilnehmenden EDEKA-Marktes finden Sie unter www.edeka.de/marktsuche oder unter der Telefonnummer 0800 724 28 55 (kostenfrei aus dem dt. Fest- und Mobilfunknetz). Alle Angebote gültig bis Samstag, 22.04.2023, KW 16. Wir haben uns für diesen Zeitraum ausreichend bevorratet. Bitte entschuldigen Sie, wenn die Artikel auf Grund der großen Nachfrage dennoch im Einzelfall ausverkauft sein sollten. Abgabe in haushaltsüblichen Mengen. Für Darstellungsfehler übernehmen wir keine Haftung. EDEKA-Markt Minden-Hannover GmbH, Wittelsbacherallee 61, 32427 Minden."
Mönchshof,12.99,"20x0,5l Bügelflasche",placeholder,https://offer-images.api.edeka/03c3e4d8-a419-4ba1-affe-1d14901b618e_4082100003408_PER.png,"['bayerische Bierspezialitäten, versch. Sorten, + 4,50 Pfand, 20x0,5l Bügelflasche, (1l=1,30)']",2023-04-20,2023-04-22,2023-04-17,"*Nicht in allen Filialen erhältlich. Alle weiteren Informationen der Firma und Anschrift Ihres teilnehmenden EDEKA-Marktes finden Sie unter www.edeka.de/marktsuche oder unter der Telefonnummer 0800 724 28 55 (kostenfrei aus dem dt. Fest- und Mobilfunknetz). Alle Angebote gültig bis Samstag, 22.04.2023, KW 16. Wir haben uns für diesen Zeitraum ausreichend bevorratet. Bitte entschuldigen Sie, wenn die Artikel auf Grund der großen Nachfrage dennoch im Einzelfall ausverkauft sein sollten. Abgabe in haushaltsüblichen Mengen. Für Darstellungsfehler übernehmen wir keine Haftung. EDEKA-Markt Minden-Hannover GmbH, Wittelsbacherallee 61, 32427 Minden."
Mövenpick oder Eilles,9.99,1kg Beutel,placeholder,https://offer-images.api.edeka/be70a1f0-28e1-4814-b819-9f6bc9575fb5_4006581017716_VOR.png,"['ganze Bohne, ideal für Kaffeevollautomaten, versch. Sorten, 1kg Beutel']",2023-04-20,2023-04-22,2023-04-17,"*Nicht in allen Filialen erhältlich. Alle weiteren Informationen der Firma und Anschrift Ihres teilnehmenden EDEKA-Marktes finden Sie unter www.edeka.de/marktsuche oder unter der Telefonnummer 0800 724 28 55 (kostenfrei aus dem dt. Fest- und Mobilfunknetz). Alle Angebote gültig bis Samstag, 22.04.2023, KW 16. Wir haben uns für diesen Zeitraum ausreichend bevorratet. Bitte entschuldigen Sie, wenn die Artikel auf Grund der großen Nachfrage dennoch im Einzelfall ausverkauft sein sollten. Abgabe in haushaltsüblichen Mengen. Für Darstellungsfehler übernehmen wir keine Haftung. EDEKA-Markt Minden-Hannover GmbH, Wittelsbacherallee 61, 32427 Minden."
"Müller's Mühle Tellerlinsen, Weiße Bohnen oder Erbsen**",1.29,500g Beutel,placeholder,https://offer-images.api.edeka/57122d5e-6bc2-4198-825a-f9b914f6d09f_4000286216979_VOR.png,"['**versch. Sorten, 500g Beutel, (1kg=2,58)']",2023-04-20,2023-04-22,2023-04-17,"*Nicht in allen Filialen erhältlich. Alle weiteren Informationen der Firma und Anschrift Ihres teilnehmenden EDEKA-Marktes finden Sie unter www.edeka.de/marktsuche oder unter der Telefonnummer 0800 724 28 55 (kostenfrei aus dem dt. Fest- und Mobilfunknetz). Alle Angebote gültig bis Samstag, 22.04.2023, KW 16. Wir haben uns für diesen Zeitraum ausreichend bevorratet. Bitte entschuldigen Sie, wenn die Artikel auf Grund der großen Nachfrage dennoch im Einzelfall ausverkauft sein sollten. Abgabe in haushaltsüblichen Mengen. Für Darstellungsfehler übernehmen wir keine Haftung. EDEKA-Markt Minden-Hannover GmbH, Wittelsbacherallee 61, 32427 Minden."
Nadler Heringsfilets oder Heringshappen,2.99,300/400g Becher,placeholder,https://offer-images.api.edeka/e49b8681-03d8-41c8-bab5-4f3bbb9492af_4021900008718_VOR.png,"['versch. Sorten, 300/400g Becher, (1kg=9,97/7,48)']",2023-04-20,2023-04-22,2023-04-17,"*Nicht in allen Filialen erhältlich. Alle weiteren Informationen der Firma und Anschrift Ihres teilnehmenden EDEKA-Marktes finden Sie unter www.edeka.de/marktsuche oder unter der Telefonnummer 0800 724 28 55 (kostenfrei aus dem dt. Fest- und Mobilfunknetz). Alle Angebote gültig bis Samstag, 22.04.2023, KW 16. Wir haben uns für diesen Zeitraum ausreichend bevorratet. Bitte entschuldigen Sie, wenn die Artikel auf Grund der großen Nachfrage dennoch im Einzelfall ausverkauft sein sollten. Abgabe in haushaltsüblichen Mengen. Für Darstellungsfehler übernehmen wir keine Haftung. EDEKA-Markt Minden-Hannover GmbH, Wittelsbacherallee 61, 32427 Minden."
Nescafé Dolce Gusto oder Starbucks by Nescafé Dolce Gusto,3.79,Packung,placeholder,https://offer-images.api.edeka/894b1e44-4cf0-4b4b-a4cf-e88dad48b818_7613036639682_VOR.png,"['Kaffeespezialitäten, versch. Sorten, z.B.: Bio-Grande Mexico 108g, Latte Macchiato 183,2g, Starbucks Vanilla-Macchiato 132g, Packung, (1kg=35,09/20,69/28,71)']",2023-04-20,2023-04-22,2023-04-17,"*Nicht in allen Filialen erhältlich. Alle weiteren Informationen der Firma und Anschrift Ihres teilnehmenden EDEKA-Marktes finden Sie unter www.edeka.de/marktsuche oder unter der Telefonnummer 0800 724 28 55 (kostenfrei aus dem dt. Fest- und Mobilfunknetz). Alle Angebote gültig bis Samstag, 22.04.2023, KW 16. Wir haben uns für diesen Zeitraum ausreichend bevorratet. Bitte entschuldigen Sie, wenn die Artikel auf Grund der großen Nachfrage dennoch im Einzelfall ausverkauft sein sollten. Abgabe in haushaltsüblichen Mengen. Für Darstellungsfehler übernehmen wir keine Haftung. EDEKA-Markt Minden-Hannover GmbH, Wittelsbacherallee 61, 32427 Minden."
Nivea Duschgel,1.79,250ml Flasche,placeholder,https://offer-images.api.edeka/55d9c130-2e8d-4bd1-965b-8c9a12ea8aea_4005900952349_VOR.png,"['versch. Varianten, 250ml Flasche, (1l=7,16)']",2023-04-20,2023-04-22,2023-04-17,"*Nicht in allen Filialen erhältlich. Alle weiteren Informationen der Firma und Anschrift Ihres teilnehmenden EDEKA-Marktes finden Sie unter www.edeka.de/marktsuche oder unter der Telefonnummer 0800 724 28 55 (kostenfrei aus dem dt. Fest- und Mobilfunknetz). Alle Angebote gültig bis Samstag, 22.04.2023, KW 16. Wir haben uns für diesen Zeitraum ausreichend bevorratet. Bitte entschuldigen Sie, wenn die Artikel auf Grund der großen Nachfrage dennoch im Einzelfall ausverkauft sein sollten. Abgabe in haushaltsüblichen Mengen. Für Darstellungsfehler übernehmen wir keine Haftung. EDEKA-Markt Minden-Hannover GmbH, Wittelsbacherallee 61, 32427 Minden."
Nordbrand Pfefferminzlikör,3.99,"0,7l Flasche",placeholder,https://offer-images.api.edeka/9636be7b-2155-49c3-b2fc-5f6efef9ea85_4400065403109_VOR.png,"['18% Vol., 0,7l Flasche, (1l=5,70)']",2023-04-20,2023-04-22,2023-04-17,"*Nicht in allen Filialen erhältlich. Alle weiteren Informationen der Firma und Anschrift Ihres teilnehmenden EDEKA-Marktes finden Sie unter www.edeka.de/marktsuche oder unter der Telefonnummer 0800 724 28 55 (kostenfrei aus dem dt. Fest- und Mobilfunknetz). Alle Angebote gültig bis Samstag, 22.04.2023, KW 16. Wir haben uns für diesen Zeitraum ausreichend bevorratet. Bitte entschuldigen Sie, wenn die Artikel auf Grund der großen Nachfrage dennoch im Einzelfall ausverkauft sein sollten. Abgabe in haushaltsüblichen Mengen. Für Darstellungsfehler übernehmen wir keine Haftung. EDEKA-Markt Minden-Hannover GmbH, Wittelsbacherallee 61, 32427 Minden."
Palmolive Duschgel,0.99,250ml Flasche,placeholder,https://offer-images.api.edeka/ce205a7b-3e5a-4864-a255-f0df4f4736c8_8714789732879_VOR.png,"['versch. Varianten, 250ml Flasche, (1l=3,96)']",2023-04-20,2023-04-22,2023-04-17,"*Nicht in allen Filialen erhältlich. Alle weiteren Informationen der Firma und Anschrift Ihres teilnehmenden EDEKA-Marktes finden Sie unter www.edeka.de/marktsuche oder unter der Telefonnummer 0800 724 28 55 (kostenfrei aus dem dt. Fest- und Mobilfunknetz). Alle Angebote gültig bis Samstag, 22.04.2023, KW 16. Wir haben uns für diesen Zeitraum ausreichend bevorratet. Bitte entschuldigen Sie, wenn die Artikel auf Grund der großen Nachfrage dennoch im Einzelfall ausverkauft sein sollten. Abgabe in haushaltsüblichen Mengen. Für Darstellungsfehler übernehmen wir keine Haftung. EDEKA-Markt Minden-Hannover GmbH, Wittelsbacherallee 61, 32427 Minden."
Parmigiano Reggiano,1.29,60g Beutel,placeholder,https://offer-images.api.edeka/61e8185e-9ea3-447f-9300-f6c40b03afc1_8010721001509_VOR.png,"['ital. Hartkäse, gerieben 12 Monate gereift, 32% Fett i. Tr., 60g Beutel, (1kg=21,50)']",2023-04-20,2023-04-22,2023-04-17,"*Nicht in allen Filialen erhältlich. Alle weiteren Informationen der Firma und Anschrift Ihres teilnehmenden EDEKA-Marktes finden Sie unter www.edeka.de/marktsuche oder unter der Telefonnummer 0800 724 28 55 (kostenfrei aus dem dt. Fest- und Mobilfunknetz). Alle Angebote gültig bis Samstag, 22.04.2023, KW 16. Wir haben uns für diesen Zeitraum ausreichend bevorratet. Bitte entschuldigen Sie, wenn die Artikel auf Grund der großen Nachfrage dennoch im Einzelfall ausverkauft sein sollten. Abgabe in haushaltsüblichen Mengen. Für Darstellungsfehler übernehmen wir keine Haftung. EDEKA-Markt Minden-Hannover GmbH, Wittelsbacherallee 61, 32427 Minden."
Petri Petrella,1.29,100g,placeholder,https://offer-images.api.edeka/892a2696-b6ad-42c1-9035-9bc6a4338a6c_40203508_PER.png,"['Frischkäsezubereitung, Doppelrahmstufe, versch. Sorten, 100g, (1kg=12,90)']",2023-04-20,2023-04-22,2023-04-17,"*Nicht in allen Filialen erhältlich. Alle weiteren Informationen der Firma und Anschrift Ihres teilnehmenden EDEKA-Marktes finden Sie unter www.edeka.de/marktsuche oder unter der Telefonnummer 0800 724 28 55 (kostenfrei aus dem dt. Fest- und Mobilfunknetz). Alle Angebote gültig bis Samstag, 22.04.2023, KW 16. Wir haben uns für diesen Zeitraum ausreichend bevorratet. Bitte entschuldigen Sie, wenn die Artikel auf Grund der großen Nachfrage dennoch im Einzelfall ausverkauft sein sollten. Abgabe in haushaltsüblichen Mengen. Für Darstellungsfehler übernehmen wir keine Haftung. EDEKA-Markt Minden-Hannover GmbH, Wittelsbacherallee 61, 32427 Minden."
Pitu,8.99,"0,7l Flasche",placeholder,https://offer-images.api.edeka/371d50e9-a6fc-42a5-a394-f87c4ec214aa_4000269003428_VOR.png,"['38% Vol., 0,7l Flasche, (1l=12,84)']",2023-04-20,2023-04-22,2023-04-17,"*Nicht in allen Filialen erhältlich. Alle weiteren Informationen der Firma und Anschrift Ihres teilnehmenden EDEKA-Marktes finden Sie unter www.edeka.de/marktsuche oder unter der Telefonnummer 0800 724 28 55 (kostenfrei aus dem dt. Fest- und Mobilfunknetz). Alle Angebote gültig bis Samstag, 22.04.2023, KW 16. Wir haben uns für diesen Zeitraum ausreichend bevorratet. Bitte entschuldigen Sie, wenn die Artikel auf Grund der großen Nachfrage dennoch im Einzelfall ausverkauft sein sollten. Abgabe in haushaltsüblichen Mengen. Für Darstellungsfehler übernehmen wir keine Haftung. EDEKA-Markt Minden-Hannover GmbH, Wittelsbacherallee 61, 32427 Minden."
Pitu Caipirinha oder Effect Vodka & Energy,1.79,"0,33l DPG-Dose",placeholder,https://offer-images.api.edeka/7413b30c-db1b-4075-8fce-c0f8386d829b_4000269003350_VOR.png,"['10% Vol., + 0,25 Pfand, 0,33l DPG-Dose, (1l=5,42)']",2023-04-20,2023-04-22,2023-04-17,"*Nicht in allen Filialen erhältlich. Alle weiteren Informationen der Firma und Anschrift Ihres teilnehmenden EDEKA-Marktes finden Sie unter www.edeka.de/marktsuche oder unter der Telefonnummer 0800 724 28 55 (kostenfrei aus dem dt. Fest- und Mobilfunknetz). Alle Angebote gültig bis Samstag, 22.04.2023, KW 16. Wir haben uns für diesen Zeitraum ausreichend bevorratet. Bitte entschuldigen Sie, wenn die Artikel auf Grund der großen Nachfrage dennoch im Einzelfall ausverkauft sein sollten. Abgabe in haushaltsüblichen Mengen. Für Darstellungsfehler übernehmen wir keine Haftung. EDEKA-Markt Minden-Hannover GmbH, Wittelsbacherallee 61, 32427 Minden."
Saalegut Hausmacher Wurst,0.99,160g Glas,placeholder,https://offer-images.api.edeka/dc73de1a-b13b-41a4-befa-017ba66a8579_4008533072729.png,"['versch. Sorten, 160g Glas, (1kg=6,19)']",2023-04-20,2023-04-22,2023-04-17,"*Nicht in allen Filialen erhältlich. Alle weiteren Informationen der Firma und Anschrift Ihres teilnehmenden EDEKA-Marktes finden Sie unter www.edeka.de/marktsuche oder unter der Telefonnummer 0800 724 28 55 (kostenfrei aus dem dt. Fest- und Mobilfunknetz). Alle Angebote gültig bis Samstag, 22.04.2023, KW 16. Wir haben uns für diesen Zeitraum ausreichend bevorratet. Bitte entschuldigen Sie, wenn die Artikel auf Grund der großen Nachfrage dennoch im Einzelfall ausverkauft sein sollten. Abgabe in haushaltsüblichen Mengen. Für Darstellungsfehler übernehmen wir keine Haftung. EDEKA-Markt Minden-Hannover GmbH, Wittelsbacherallee 61, 32427 Minden."
Salakis,1.79,150/180/200g Packung/Becher,placeholder,https://offer-images.api.edeka/93e4d786-d1fb-47a5-986d-b48a49b50fb7_8606002113582_PER.png,"['aus 100% Schafmilch, versch. Sorten und Fettstufen, 150/180/200g Packung/Becher, (1kg=11,93/9,94/8,95)']",2023-04-20,2023-04-22,2023-04-17,"*Nicht in allen Filialen erhältlich. Alle weiteren Informationen der Firma und Anschrift Ihres teilnehmenden EDEKA-Marktes finden Sie unter www.edeka.de/marktsuche oder unter der Telefonnummer 0800 724 28 55 (kostenfrei aus dem dt. Fest- und Mobilfunknetz). Alle Angebote gültig bis Samstag, 22.04.2023, KW 16. Wir haben uns für diesen Zeitraum ausreichend bevorratet. Bitte entschuldigen Sie, wenn die Artikel auf Grund der großen Nachfrage dennoch im Einzelfall ausverkauft sein sollten. Abgabe in haushaltsüblichen Mengen. Für Darstellungsfehler übernehmen wir keine Haftung. EDEKA-Markt Minden-Hannover GmbH, Wittelsbacherallee 61, 32427 Minden."
Schwarzkopf Syoss Shampoo,2.29,440ml Flasche,placeholder,https://offer-images.api.edeka/135da131-3807-46d1-b339-d30243ff8dba_4015100336580_VOR.png,"['versch. Varianten, 440ml Flasche, (1l=5,20)']",2023-04-20,2023-04-22,2023-04-17,"*Nicht in allen Filialen erhältlich. Alle weiteren Informationen der Firma und Anschrift Ihres teilnehmenden EDEKA-Marktes finden Sie unter www.edeka.de/marktsuche oder unter der Telefonnummer 0800 724 28 55 (kostenfrei aus dem dt. Fest- und Mobilfunknetz). Alle Angebote gültig bis Samstag, 22.04.2023, KW 16. Wir haben uns für diesen Zeitraum ausreichend bevorratet. Bitte entschuldigen Sie, wenn die Artikel auf Grund der großen Nachfrage dennoch im Einzelfall ausverkauft sein sollten. Abgabe in haushaltsüblichen Mengen. Für Darstellungsfehler übernehmen wir keine Haftung. EDEKA-Markt Minden-Hannover GmbH, Wittelsbacherallee 61, 32427 Minden."
Schäfer?s Körner-Kartoffel oder Dinkelbrötchen,1.49,420g Beutel,placeholder,https://offer-images.api.edeka/0e80e488-0654-4a57-8d82-a1d0a2273813_94083_Dinkelbroetchen_HGB_6er_Tuete_tk_HZ_1.png,"['backfertig tiefgefroren, zum Fertigbacken, 420g Beutel, (1kg=3,55)']",2023-04-20,2023-04-22,2023-04-17,"*Nicht in allen Filialen erhältlich. Alle weiteren Informationen der Firma und Anschrift Ihres teilnehmenden EDEKA-Marktes finden Sie unter www.edeka.de/marktsuche oder unter der Telefonnummer 0800 724 28 55 (kostenfrei aus dem dt. Fest- und Mobilfunknetz). Alle Angebote gültig bis Samstag, 22.04.2023, KW 16. Wir haben uns für diesen Zeitraum ausreichend bevorratet. Bitte entschuldigen Sie, wenn die Artikel auf Grund der großen Nachfrage dennoch im Einzelfall ausverkauft sein sollten. Abgabe in haushaltsüblichen Mengen. Für Darstellungsfehler übernehmen wir keine Haftung. EDEKA-Markt Minden-Hannover GmbH, Wittelsbacherallee 61, 32427 Minden."
Spanien Freixenet Mederaño oder Mia Weine,3.49,"0,75l Flasche",placeholder,https://offer-images.api.edeka/e3220d9c-2271-4533-8e14-c3551591b2e8_8410384008387_VOR.png,"['versch. Sorten, 0,75l Flasche, (1l=4,65)']",2023-04-20,2023-04-22,2023-04-17,"*Nicht in allen Filialen erhältlich. Alle weiteren Informationen der Firma und Anschrift Ihres teilnehmenden EDEKA-Marktes finden Sie unter www.edeka.de/marktsuche oder unter der Telefonnummer 0800 724 28 55 (kostenfrei aus dem dt. Fest- und Mobilfunknetz). Alle Angebote gültig bis Samstag, 22.04.2023, KW 16. Wir haben uns für diesen Zeitraum ausreichend bevorratet. Bitte entschuldigen Sie, wenn die Artikel auf Grund der großen Nachfrage dennoch im Einzelfall ausverkauft sein sollten. Abgabe in haushaltsüblichen Mengen. Für Darstellungsfehler übernehmen wir keine Haftung. EDEKA-Markt Minden-Hannover GmbH, Wittelsbacherallee 61, 32427 Minden."
Spinat-Käse-Schiffchen,0.99,Stück,placeholder,https://offer-images.api.edeka/1f45bc28-335a-4b3e-bce0-b0cbdd7252b0_5072_spinat_kaese_schiffchen_bo_1.png,"['Butterplunderteigtasche mit spinat- und käsehaltiger Füllung, Stück']",2023-04-20,2023-04-22,2023-04-17,"*Nicht in allen Filialen erhältlich. Alle weiteren Informationen der Firma und Anschrift Ihres teilnehmenden EDEKA-Marktes finden Sie unter www.edeka.de/marktsuche oder unter der Telefonnummer 0800 724 28 55 (kostenfrei aus dem dt. Fest- und Mobilfunknetz). Alle Angebote gültig bis Samstag, 22.04.2023, KW 16. Wir haben uns für diesen Zeitraum ausreichend bevorratet. Bitte entschuldigen Sie, wenn die Artikel auf Grund der großen Nachfrage dennoch im Einzelfall ausverkauft sein sollten. Abgabe in haushaltsüblichen Mengen. Für Darstellungsfehler übernehmen wir keine Haftung. EDEKA-Markt Minden-Hannover GmbH, Wittelsbacherallee 61, 32427 Minden."
Tanqueray,15.99,"0,7l Flasche",placeholder,https://offer-images.api.edeka/e5e950df-b733-401a-bb48-7826de98e0fc_5000281015248_VOR.png,"['versch. Sorten, 0,7l Flasche, (1l=22,84)']",2023-04-20,2023-04-22,2023-04-17,"*Nicht in allen Filialen erhältlich. Alle weiteren Informationen der Firma und Anschrift Ihres teilnehmenden EDEKA-Marktes finden Sie unter www.edeka.de/marktsuche oder unter der Telefonnummer 0800 724 28 55 (kostenfrei aus dem dt. Fest- und Mobilfunknetz). Alle Angebote gültig bis Samstag, 22.04.2023, KW 16. Wir haben uns für diesen Zeitraum ausreichend bevorratet. Bitte entschuldigen Sie, wenn die Artikel auf Grund der großen Nachfrage dennoch im Einzelfall ausverkauft sein sollten. Abgabe in haushaltsüblichen Mengen. Für Darstellungsfehler übernehmen wir keine Haftung. EDEKA-Markt Minden-Hannover GmbH, Wittelsbacherallee 61, 32427 Minden."
Tante Fanny Frischeteige,1.99,250/400g Packung,placeholder,https://offer-images.api.edeka/d48faf1d-be51-42e1-b9bc-c4676b006db4_9120003410659_VOR.png,"['Pizza, Strudel- oder Blätterteig, versch. Sorten, küchenfertig, aus dem Kühlregal, 250/400g Packung, (1kg=7,96/4,98)']",2023-04-20,2023-04-22,2023-04-17,"*Nicht in allen Filialen erhältlich. Alle weiteren Informationen der Firma und Anschrift Ihres teilnehmenden EDEKA-Marktes finden Sie unter www.edeka.de/marktsuche oder unter der Telefonnummer 0800 724 28 55 (kostenfrei aus dem dt. Fest- und Mobilfunknetz). Alle Angebote gültig bis Samstag, 22.04.2023, KW 16. Wir haben uns für diesen Zeitraum ausreichend bevorratet. Bitte entschuldigen Sie, wenn die Artikel auf Grund der großen Nachfrage dennoch im Einzelfall ausverkauft sein sollten. Abgabe in haushaltsüblichen Mengen. Für Darstellungsfehler übernehmen wir keine Haftung. EDEKA-Markt Minden-Hannover GmbH, Wittelsbacherallee 61, 32427 Minden."
Teekanne Frio,2.22,Packung,placeholder,https://offer-images.api.edeka/6580d3f0-8c92-4d22-99a7-5de1b40a0d08_4009300017608_PER.png,"['Tee kalt geniessen, 18 Aufgussbeutel, versch. Sorten, Packung']",2023-04-20,2023-04-22,2023-04-17,"*Nicht in allen Filialen erhältlich. Alle weiteren Informationen der Firma und Anschrift Ihres teilnehmenden EDEKA-Marktes finden Sie unter www.edeka.de/marktsuche oder unter der Telefonnummer 0800 724 28 55 (kostenfrei aus dem dt. Fest- und Mobilfunknetz). Alle Angebote gültig bis Samstag, 22.04.2023, KW 16. Wir haben uns für diesen Zeitraum ausreichend bevorratet. Bitte entschuldigen Sie, wenn die Artikel auf Grund der großen Nachfrage dennoch im Einzelfall ausverkauft sein sollten. Abgabe in haushaltsüblichen Mengen. Für Darstellungsfehler übernehmen wir keine Haftung. EDEKA-Markt Minden-Hannover GmbH, Wittelsbacherallee 61, 32427 Minden."
Thomy Delikatess Senf,0.99,200ml Tube,placeholder,https://offer-images.api.edeka/cdbbddd9-0762-4061-b6cd-c3a6da90040a_40056050.png,"['versch. Sorten, 200ml Tube, (1l=4,95)']",2023-04-20,2023-04-22,2023-04-17,"*Nicht in allen Filialen erhältlich. Alle weiteren Informationen der Firma und Anschrift Ihres teilnehmenden EDEKA-Marktes finden Sie unter www.edeka.de/marktsuche oder unter der Telefonnummer 0800 724 28 55 (kostenfrei aus dem dt. Fest- und Mobilfunknetz). Alle Angebote gültig bis Samstag, 22.04.2023, KW 16. Wir haben uns für diesen Zeitraum ausreichend bevorratet. Bitte entschuldigen Sie, wenn die Artikel auf Grund der großen Nachfrage dennoch im Einzelfall ausverkauft sein sollten. Abgabe in haushaltsüblichen Mengen. Für Darstellungsfehler übernehmen wir keine Haftung. EDEKA-Markt Minden-Hannover GmbH, Wittelsbacherallee 61, 32427 Minden."
Treets Peanuts,1.79,300g Beutel,placeholder,https://offer-images.api.edeka/9e944874-d399-48f9-a047-eb83008d6994_4000281325515_VOR.png,"['Erdnüsse im Schokoladenmantel, versch. Sorten, beim Kauf von mind. 2 Beuteln, je Beutel 1,49, 300g Beutel, (1kg=5,97)']",2023-04-20,2023-04-22,2023-04-17,"*Nicht in allen Filialen erhältlich. Alle weiteren Informationen der Firma und Anschrift Ihres teilnehmenden EDEKA-Marktes finden Sie unter www.edeka.de/marktsuche oder unter der Telefonnummer 0800 724 28 55 (kostenfrei aus dem dt. Fest- und Mobilfunknetz). Alle Angebote gültig bis Samstag, 22.04.2023, KW 16. Wir haben uns für diesen Zeitraum ausreichend bevorratet. Bitte entschuldigen Sie, wenn die Artikel auf Grund der großen Nachfrage dennoch im Einzelfall ausverkauft sein sollten. Abgabe in haushaltsüblichen Mengen. Für Darstellungsfehler übernehmen wir keine Haftung. EDEKA-Markt Minden-Hannover GmbH, Wittelsbacherallee 61, 32427 Minden."
Vitakraft Poésie,3.49,12x85g Multipack,placeholder,https://offer-images.api.edeka/8b44b5d0-95a9-448f-9e84-6928299166a3_4008239589781_VOR.png,"['Nassfutter für ausgewachsene Katzen, versch. Sorten, 12x85g Multipack, (1kg=3,42)']",2023-04-20,2023-04-22,2023-04-17,"*Nicht in allen Filialen erhältlich. Alle weiteren Informationen der Firma und Anschrift Ihres teilnehmenden EDEKA-Marktes finden Sie unter www.edeka.de/marktsuche oder unter der Telefonnummer 0800 724 28 55 (kostenfrei aus dem dt. Fest- und Mobilfunknetz). Alle Angebote gültig bis Samstag, 22.04.2023, KW 16. Wir haben uns für diesen Zeitraum ausreichend bevorratet. Bitte entschuldigen Sie, wenn die Artikel auf Grund der großen Nachfrage dennoch im Einzelfall ausverkauft sein sollten. Abgabe in haushaltsüblichen Mengen. Für Darstellungsfehler übernehmen wir keine Haftung. EDEKA-Markt Minden-Hannover GmbH, Wittelsbacherallee 61, 32427 Minden."
Volvic naturelle,0.85,"1,5l PET-DPG-Flasche",placeholder,https://offer-images.api.edeka/45ee9dad-dc8b-4db0-85ba-1aca0bad6dd1_3057640186158_VOR.png,"['+ 0,25 Pfand/Flasche, 1,5l PET-DPG-Flasche, (1l=0,57)']",2023-04-20,2023-04-22,2023-04-17,"*Nicht in allen Filialen erhältlich. Alle weiteren Informationen der Firma und Anschrift Ihres teilnehmenden EDEKA-Marktes finden Sie unter www.edeka.de/marktsuche oder unter der Telefonnummer 0800 724 28 55 (kostenfrei aus dem dt. Fest- und Mobilfunknetz). Alle Angebote gültig bis Samstag, 22.04.2023, KW 16. Wir haben uns für diesen Zeitraum ausreichend bevorratet. Bitte entschuldigen Sie, wenn die Artikel auf Grund der großen Nachfrage dennoch im Einzelfall ausverkauft sein sollten. Abgabe in haushaltsüblichen Mengen. Für Darstellungsfehler übernehmen wir keine Haftung. EDEKA-Markt Minden-Hannover GmbH, Wittelsbacherallee 61, 32427 Minden."
Warsteiner Premium Pilsener,0.69,"0,5l DPG-Dose",placeholder,https://offer-images.api.edeka/16f30dd6-e7a4-428f-9a0c-21b0db406789_4000856003688_VOR.png,"['+ 0,25 Pfand, 0,5l DPG-Dose, (1l=1,38)']",2023-04-20,2023-04-22,2023-04-17,"*Nicht in allen Filialen erhältlich. Alle weiteren Informationen der Firma und Anschrift Ihres teilnehmenden EDEKA-Marktes finden Sie unter www.edeka.de/marktsuche oder unter der Telefonnummer 0800 724 28 55 (kostenfrei aus dem dt. Fest- und Mobilfunknetz). Alle Angebote gültig bis Samstag, 22.04.2023, KW 16. Wir haben uns für diesen Zeitraum ausreichend bevorratet. Bitte entschuldigen Sie, wenn die Artikel auf Grund der großen Nachfrage dennoch im Einzelfall ausverkauft sein sollten. Abgabe in haushaltsüblichen Mengen. Für Darstellungsfehler übernehmen wir keine Haftung. EDEKA-Markt Minden-Hannover GmbH, Wittelsbacherallee 61, 32427 Minden."
Wicküler Pilsener,7.99,"24x0,33l Flasche",placeholder,https://offer-images.api.edeka/a80a128a-fce5-4b45-9011-b1ddd4607050_4079600330240_kiste.png,"[',+3,42 Pfand, 24x0,33l Flasche, (1l=1,01)']",2023-04-20,2023-04-22,2023-04-17,"*Nicht in allen Filialen erhältlich. Alle weiteren Informationen der Firma und Anschrift Ihres teilnehmenden EDEKA-Marktes finden Sie unter www.edeka.de/marktsuche oder unter der Telefonnummer 0800 724 28 55 (kostenfrei aus dem dt. Fest- und Mobilfunknetz). Alle Angebote gültig bis Samstag, 22.04.2023, KW 16. Wir haben uns für diesen Zeitraum ausreichend bevorratet. Bitte entschuldigen Sie, wenn die Artikel auf Grund der großen Nachfrage dennoch im Einzelfall ausverkauft sein sollten. Abgabe in haushaltsüblichen Mengen. Für Darstellungsfehler übernehmen wir keine Haftung. EDEKA-Markt Minden-Hannover GmbH, Wittelsbacherallee 61, 32427 Minden."
Bauerngut Steakhüfte*,1.49,100g,placeholder,https://offer-images.api.edeka/349e3ef2-b730-47e9-ab1a-f939be7552a4_steakhuefte_1_001.png,"['gereifte Markenqualität vom deutschen Jungbullen, als Braten oder als Steak geschnitten, 100g']",2023-04-20,2023-04-22,2023-04-17,"*Nicht in allen Filialen erhältlich. Alle weiteren Informationen der Firma und Anschrift Ihres teilnehmenden EDEKA-Marktes finden Sie unter www.edeka.de/marktsuche oder unter der Telefonnummer 0800 724 28 55 (kostenfrei aus dem dt. Fest- und Mobilfunknetz). Alle Angebote gültig bis Samstag, 22.04.2023, KW 16. Wir haben uns für diesen Zeitraum ausreichend bevorratet. Bitte entschuldigen Sie, wenn die Artikel auf Grund der großen Nachfrage dennoch im Einzelfall ausverkauft sein sollten. Abgabe in haushaltsüblichen Mengen. Für Darstellungsfehler übernehmen wir keine Haftung. EDEKA-Markt Minden-Hannover GmbH, Wittelsbacherallee 61, 32427 Minden."
Bauerngut Goldgriller*,0.89,100g,placeholder,https://offer-images.api.edeka/093897b6-2d1f-4747-b788-069454692a66_21623_bauerngut_bratwurst_1.png,"['die ideale Bratwurst für den Grill oder die Pfanne, 100g']",2023-04-20,2023-04-22,2023-04-17,"*Nicht in allen Filialen erhältlich. Alle weiteren Informationen der Firma und Anschrift Ihres teilnehmenden EDEKA-Marktes finden Sie unter www.edeka.de/marktsuche oder unter der Telefonnummer 0800 724 28 55 (kostenfrei aus dem dt. Fest- und Mobilfunknetz). Alle Angebote gültig bis Samstag, 22.04.2023, KW 16. Wir haben uns für diesen Zeitraum ausreichend bevorratet. Bitte entschuldigen Sie, wenn die Artikel auf Grund der großen Nachfrage dennoch im Einzelfall ausverkauft sein sollten. Abgabe in haushaltsüblichen Mengen. Für Darstellungsfehler übernehmen wir keine Haftung. EDEKA-Markt Minden-Hannover GmbH, Wittelsbacherallee 61, 32427 Minden."
Putenschnitzel*,1.49,100g,placeholder,https://offer-images.api.edeka/f376660c-abb2-44df-8a52-ad2ab683933f_reichelt_putenschnitzel.png,"['zart und mager, ideal für die Zubereitung in der Pfanne, 100g']",2023-04-20,2023-04-22,2023-04-17,"*Nicht in allen Filialen erhältlich. Alle weiteren Informationen der Firma und Anschrift Ihres teilnehmenden EDEKA-Marktes finden Sie unter www.edeka.de/marktsuche oder unter der Telefonnummer 0800 724 28 55 (kostenfrei aus dem dt. Fest- und Mobilfunknetz). Alle Angebote gültig bis Samstag, 22.04.2023, KW 16. Wir haben uns für diesen Zeitraum ausreichend bevorratet. Bitte entschuldigen Sie, wenn die Artikel auf Grund der großen Nachfrage dennoch im Einzelfall ausverkauft sein sollten. Abgabe in haushaltsüblichen Mengen. Für Darstellungsfehler übernehmen wir keine Haftung. EDEKA-Markt Minden-Hannover GmbH, Wittelsbacherallee 61, 32427 Minden."
Steinhaus Krustenbraten oder Thymian-Honig-Krustenbraten*,2.19,100g,placeholder,https://offer-images.api.edeka/3ed78515-74ad-4035-bacd-6d7cecabfe48_4008533704248.png,"['der rustikale Bratenaufschnitt, besonders saftig durch Garverfahren mit der Kruste, 100g']",2023-04-20,2023-04-22,2023-04-17,"*Nicht in allen Filialen erhältlich. Alle weiteren Informationen der Firma und Anschrift Ihres teilnehmenden EDEKA-Marktes finden Sie unter www.edeka.de/marktsuche oder unter der Telefonnummer 0800 724 28 55 (kostenfrei aus dem dt. Fest- und Mobilfunknetz). Alle Angebote gültig bis Samstag, 22.04.2023, KW 16. Wir haben uns für diesen Zeitraum ausreichend bevorratet. Bitte entschuldigen Sie, wenn die Artikel auf Grund der großen Nachfrage dennoch im Einzelfall ausverkauft sein sollten. Abgabe in haushaltsüblichen Mengen. Für Darstellungsfehler übernehmen wir keine Haftung. EDEKA-Markt Minden-Hannover GmbH, Wittelsbacherallee 61, 32427 Minden."
Bauerngut Sportsalami oder Sportsalami Geflügel*,1.79,100g,placeholder,https://offer-images.api.edeka/cc6165b9-6ead-41d4-8cea-5938cc77af54_70168_BG_Sportsalami_iss_kult_kampagne.png,"['die Dauerwurst-Spezialitäten, fettreduziert, aber voll im Geschmack, 100g']",2023-04-20,2023-04-22,2023-04-17,"*Nicht in allen Filialen erhältlich. Alle weiteren Informationen der Firma und Anschrift Ihres teilnehmenden EDEKA-Marktes finden Sie unter www.edeka.de/marktsuche oder unter der Telefonnummer 0800 724 28 55 (kostenfrei aus dem dt. Fest- und Mobilfunknetz). Alle Angebote gültig bis Samstag, 22.04.2023, KW 16. Wir haben uns für diesen Zeitraum ausreichend bevorratet. Bitte entschuldigen Sie, wenn die Artikel auf Grund der großen Nachfrage dennoch im Einzelfall ausverkauft sein sollten. Abgabe in haushaltsüblichen Mengen. Für Darstellungsfehler übernehmen wir keine Haftung. EDEKA-Markt Minden-Hannover GmbH, Wittelsbacherallee 61, 32427 Minden."
Gutfried Geflügel-Gutswurst*,1.99,100g,placeholder,https://offer-images.api.edeka/12525556-2f46-47da-bded-05a602715cad_gutfried_gefluegel_gutswurst_5x120g.png,"['der magere geflügelaufschnitt, im Frischpack, 100g']",2023-04-20,2023-04-22,2023-04-17,"*Nicht in allen Filialen erhältlich. Alle weiteren Informationen der Firma und Anschrift Ihres teilnehmenden EDEKA-Marktes finden Sie unter www.edeka.de/marktsuche oder unter der Telefonnummer 0800 724 28 55 (kostenfrei aus dem dt. Fest- und Mobilfunknetz). Alle Angebote gültig bis Samstag, 22.04.2023, KW 16. Wir haben uns für diesen Zeitraum ausreichend bevorratet. Bitte entschuldigen Sie, wenn die Artikel auf Grund der großen Nachfrage dennoch im Einzelfall ausverkauft sein sollten. Abgabe in haushaltsüblichen Mengen. Für Darstellungsfehler übernehmen wir keine Haftung. EDEKA-Markt Minden-Hannover GmbH, Wittelsbacherallee 61, 32427 Minden."
Indien GUT&GÜNSTIG Tafeltrauben,1.11,500g Packung,placeholder,https://offer-images.api.edeka/807b41bf-2567-4979-88fc-b05cfa448cec_4311527653867_VOR_03.png,"['Sorte siehe Etikett, hell, kernlos, Kl. I, 500g Packung, (1kg=2,22)']",2023-04-20,2023-04-22,2023-04-17,"*Nicht in allen Filialen erhältlich. Alle weiteren Informationen der Firma und Anschrift Ihres teilnehmenden EDEKA-Marktes finden Sie unter www.edeka.de/marktsuche oder unter der Telefonnummer 0800 724 28 55 (kostenfrei aus dem dt. Fest- und Mobilfunknetz). Alle Angebote gültig bis Samstag, 22.04.2023, KW 16. Wir haben uns für diesen Zeitraum ausreichend bevorratet. Bitte entschuldigen Sie, wenn die Artikel auf Grund der großen Nachfrage dennoch im Einzelfall ausverkauft sein sollten. Abgabe in haushaltsüblichen Mengen. Für Darstellungsfehler übernehmen wir keine Haftung. EDEKA-Markt Minden-Hannover GmbH, Wittelsbacherallee 61, 32427 Minden."
Niederlande EDEKA Mini-Rispentomaten,1.99,400g Schale,placeholder,https://offer-images.api.edeka/8304d890-b007-4ebe-8cef-84bc93bfdef8_4311527265558_VOR_02.png,"['Kl. I, 400g Schale, (1kg=4,98)']",2023-04-20,2023-04-22,2023-04-17,"*Nicht in allen Filialen erhältlich. Alle weiteren Informationen der Firma und Anschrift Ihres teilnehmenden EDEKA-Marktes finden Sie unter www.edeka.de/marktsuche oder unter der Telefonnummer 0800 724 28 55 (kostenfrei aus dem dt. Fest- und Mobilfunknetz). Alle Angebote gültig bis Samstag, 22.04.2023, KW 16. Wir haben uns für diesen Zeitraum ausreichend bevorratet. Bitte entschuldigen Sie, wenn die Artikel auf Grund der großen Nachfrage dennoch im Einzelfall ausverkauft sein sollten. Abgabe in haushaltsüblichen Mengen. Für Darstellungsfehler übernehmen wir keine Haftung. EDEKA-Markt Minden-Hannover GmbH, Wittelsbacherallee 61, 32427 Minden."
EDEKA Bio WWF-Bananen,1.49,1kg,placeholder,https://offer-images.api.edeka/1f80f853-6c6d-4034-9363-f123e8f328df_4311527667925_OUG.png,"['unverpackt, 1kg']",2023-04-20,2023-04-22,2023-04-17,"*Nicht in allen Filialen erhältlich. Alle weiteren Informationen der Firma und Anschrift Ihres teilnehmenden EDEKA-Marktes finden Sie unter www.edeka.de/marktsuche oder unter der Telefonnummer 0800 724 28 55 (kostenfrei aus dem dt. Fest- und Mobilfunknetz). Alle Angebote gültig bis Samstag, 22.04.2023, KW 16. Wir haben uns für diesen Zeitraum ausreichend bevorratet. Bitte entschuldigen Sie, wenn die Artikel auf Grund der großen Nachfrage dennoch im Einzelfall ausverkauft sein sollten. Abgabe in haushaltsüblichen Mengen. Für Darstellungsfehler übernehmen wir keine Haftung. EDEKA-Markt Minden-Hannover GmbH, Wittelsbacherallee 61, 32427 Minden."
"Coca-Cola, Fanta oder Sprite",2.49,"4x0,33l DPG-Dose",placeholder,https://offer-images.api.edeka/7322171b-9ba1-458a-8067-d657284d468a_5000112547689_VOR.png,"teilw. koffeinhaltig, versch. Sorten, + 1,00 Pfand, Einzelpreis 0,85, Grundpreis 1l=2,58, 4x0,33l DPG-Dose, (1l=1,89)",2023-04-21,2023-04-22,2023-04-17,"*Nicht in allen Filialen erhältlich. Alle weiteren Informationen der Firma und Anschrift Ihres teilnehmenden EDEKA-Marktes finden Sie unter www.edeka.de/marktsuche oder unter der Telefonnummer 0800 724 28 55 (kostenfrei aus dem dt. Fest- und Mobilfunknetz). Alle Angebote gültig bis Samstag, 22.04.2023, KW 16. Wir haben uns für diesen Zeitraum ausreichend bevorratet. Bitte entschuldigen Sie, wenn die Artikel auf Grund der großen Nachfrage dennoch im Einzelfall ausverkauft sein sollten. Abgabe in haushaltsüblichen Mengen. Für Darstellungsfehler übernehmen wir keine Haftung. EDEKA-Markt Minden-Hannover GmbH, Wittelsbacherallee 61, 32427 Minden."
